"","run_id","date","time","model","albert einstein","brian greene","david j wineland","edward witten","frank wilczek","leon lederman","leon m lederman","lisa randall","marie curie","murray gell mann","neil degrasse tyson","niels bohr","richard feynman","richard p feynman","sean carroll","sheldon glashow","stephen hawking","steven weinberg","vera rubin"
"1","g2_top5_1209_00","2024-12-09","00:00","gemma2-9b",1,0,0,0,0,0,0,0,1,0,0,0,1,0,0,0,1,0,1
"2","g2_top5_1209_00","2024-12-09","00:00","gemma2-9b",1,0,0,0,0,0,0,0,1,0,0,0,1,0,0,0,1,0,1
"3","g2_top5_1209_00","2024-12-09","00:00","gemma2-9b",1,0,0,0,0,0,0,0,1,0,0,0,1,0,0,0,1,0,1
"4","g2_top5_1209_00","2024-12-09","00:00","gemma2-9b",1,0,0,0,0,0,0,0,1,0,0,0,1,0,0,0,1,0,1
"5","g2_top5_1209_00","2024-12-09","00:00","gemma2-9b",1,0,0,0,0,0,0,0,1,0,0,0,1,0,0,0,1,0,1
"6","g2_top5_1209_08","2024-12-09","08:00","gemma2-9b",1,0,0,0,0,0,0,0,1,0,0,0,1,0,0,0,1,0,1
"7","g2_top5_1209_08","2024-12-09","08:00","gemma2-9b",1,0,0,0,0,0,0,0,1,0,0,0,1,0,0,0,1,0,1
"8","g2_top5_1209_08","2024-12-09","08:00","gemma2-9b",1,0,0,0,0,0,0,0,1,0,0,0,1,0,0,0,1,0,1
"9","g2_top5_1209_08","2024-12-09","08:00","gemma2-9b",1,0,0,0,0,0,0,0,1,0,0,0,1,0,0,0,1,0,1
"10","g2_top5_1209_08","2024-12-09","08:00","gemma2-9b",1,0,0,0,0,0,0,0,1,0,0,0,1,0,0,0,1,0,1
"11","g2_top5_1209_16","2024-12-09","16:00","gemma2-9b",1,0,0,0,0,0,0,0,1,0,0,0,1,0,0,0,1,0,1
"12","g2_top5_1209_16","2024-12-09","16:00","gemma2-9b",1,0,0,0,0,0,0,0,1,0,0,0,1,0,0,0,1,0,1
"13","g2_top5_1209_16","2024-12-09","16:00","gemma2-9b",1,0,0,0,0,0,0,0,1,0,0,0,1,0,0,0,1,0,1
"14","g2_top5_1209_16","2024-12-09","16:00","gemma2-9b",1,0,0,0,0,0,0,0,1,0,0,0,1,0,0,0,1,0,1
"15","g2_top5_1209_16","2024-12-09","16:00","gemma2-9b",1,0,0,0,0,0,0,0,1,0,0,0,1,0,0,0,1,0,1
"16","g2_top5_1210_00","2024-12-10","00:00","gemma2-9b",1,0,0,0,0,0,0,0,1,0,0,0,1,0,0,0,1,0,1
"17","g2_top5_1210_00","2024-12-10","00:00","gemma2-9b",1,0,0,0,0,0,0,0,1,0,0,0,1,0,0,0,1,0,1
"18","g2_top5_1210_00","2024-12-10","00:00","gemma2-9b",1,0,0,0,0,0,0,0,1,0,0,0,1,0,0,0,1,0,1
"19","g2_top5_1210_00","2024-12-10","00:00","gemma2-9b",1,0,0,0,0,0,0,0,1,0,0,0,1,0,0,0,1,0,1
"20","g2_top5_1210_00","2024-12-10","00:00","gemma2-9b",1,0,0,0,0,0,0,0,1,0,0,0,1,0,0,0,1,0,1
"21","g2_top5_1210_08","2024-12-10","08:00","gemma2-9b",1,0,0,0,0,0,0,0,1,0,0,0,1,0,0,0,1,0,1
"22","g2_top5_1210_08","2024-12-10","08:00","gemma2-9b",1,0,0,0,0,0,0,0,1,0,0,0,1,0,0,0,1,0,1
"23","g2_top5_1210_08","2024-12-10","08:00","gemma2-9b",1,0,0,0,0,0,0,0,1,0,0,0,1,0,0,0,1,0,1
"24","g2_top5_1210_08","2024-12-10","08:00","gemma2-9b",1,0,0,0,0,0,0,0,1,0,0,0,1,0,0,0,1,0,1
"25","g2_top5_1210_08","2024-12-10","08:00","gemma2-9b",1,0,0,0,0,0,0,0,1,0,0,0,1,0,0,0,1,0,1
"26","g2_top5_1210_16","2024-12-10","16:00","gemma2-9b",1,0,0,0,0,0,0,0,1,0,0,0,1,0,0,0,1,0,1
"27","g2_top5_1210_16","2024-12-10","16:00","gemma2-9b",1,0,0,0,0,0,0,0,1,0,0,0,1,0,0,0,1,0,1
"28","g2_top5_1210_16","2024-12-10","16:00","gemma2-9b",1,0,0,0,0,0,0,0,1,0,0,0,1,0,0,0,1,0,1
"29","g2_top5_1210_16","2024-12-10","16:00","gemma2-9b",1,0,0,0,0,0,0,0,1,0,0,0,1,0,0,0,1,0,1
"30","g2_top5_1210_16","2024-12-10","16:00","gemma2-9b",1,0,0,0,0,0,0,0,1,0,0,0,1,0,0,0,1,0,1
"31","g2_top5_1211_00","2024-12-11","00:00","gemma2-9b",1,0,0,0,0,0,0,0,1,0,0,0,1,0,0,0,1,0,1
"32","g2_top5_1211_00","2024-12-11","00:00","gemma2-9b",1,0,0,0,0,0,0,0,1,0,0,0,1,0,0,0,1,0,1
"33","g2_top5_1211_00","2024-12-11","00:00","gemma2-9b",1,0,0,0,0,0,0,0,1,0,0,0,1,0,0,0,1,0,1
"34","g2_top5_1211_00","2024-12-11","00:00","gemma2-9b",1,0,0,0,0,0,0,0,1,0,0,0,1,0,0,0,1,0,1
"35","g2_top5_1211_00","2024-12-11","00:00","gemma2-9b",1,0,0,0,0,0,0,0,1,0,0,0,1,0,0,0,1,0,1
"36","g2_top5_1211_08","2024-12-11","08:00","gemma2-9b",1,0,0,0,0,0,0,0,1,0,0,0,1,0,0,0,1,0,1
"37","g2_top5_1211_08","2024-12-11","08:00","gemma2-9b",1,0,0,0,0,0,0,0,1,0,0,0,1,0,0,0,1,0,1
"38","g2_top5_1211_08","2024-12-11","08:00","gemma2-9b",1,0,0,0,0,0,0,0,1,0,0,0,1,0,0,0,1,0,1
"39","g2_top5_1211_08","2024-12-11","08:00","gemma2-9b",1,0,0,0,0,0,0,0,1,0,0,0,1,0,0,0,1,0,1
"40","g2_top5_1211_08","2024-12-11","08:00","gemma2-9b",1,0,0,0,0,0,0,0,1,0,0,0,1,0,0,0,1,0,1
"41","g2_top5_1211_16","2024-12-11","16:00","gemma2-9b",1,0,0,0,0,0,0,0,1,0,0,0,1,0,0,0,1,0,1
"42","g2_top5_1211_16","2024-12-11","16:00","gemma2-9b",1,0,0,0,0,0,0,0,1,0,0,0,1,0,0,0,1,0,1
"43","g2_top5_1211_16","2024-12-11","16:00","gemma2-9b",1,0,0,0,0,0,0,0,1,0,0,0,1,0,0,0,1,0,1
"44","g2_top5_1211_16","2024-12-11","16:00","gemma2-9b",1,0,0,0,0,0,0,0,1,0,0,0,1,0,0,0,1,0,1
"45","g2_top5_1211_16","2024-12-11","16:00","gemma2-9b",1,0,0,0,0,0,0,0,1,0,0,0,1,0,0,0,1,0,1
"46","g2_top5_1212_00","2024-12-12","00:00","gemma2-9b",1,0,0,0,0,0,0,0,1,0,0,0,1,0,0,0,1,0,1
"47","g2_top5_1212_00","2024-12-12","00:00","gemma2-9b",1,0,0,0,0,0,0,0,1,0,0,0,1,0,0,0,1,0,1
"48","g2_top5_1212_00","2024-12-12","00:00","gemma2-9b",1,0,0,0,0,0,0,0,1,0,0,0,1,0,0,0,1,0,1
"49","g2_top5_1212_00","2024-12-12","00:00","gemma2-9b",1,0,0,0,0,0,0,0,1,0,0,0,1,0,0,0,1,0,1
"50","g2_top5_1212_00","2024-12-12","00:00","gemma2-9b",1,0,0,0,0,0,0,0,1,0,0,0,1,0,0,0,1,0,1
"51","g2_top5_1212_08","2024-12-12","08:00","gemma2-9b",1,0,0,0,0,0,0,0,1,0,0,0,1,0,0,0,1,0,1
"52","g2_top5_1212_08","2024-12-12","08:00","gemma2-9b",1,0,0,0,0,0,0,0,1,0,0,0,1,0,0,0,1,0,1
"53","g2_top5_1212_08","2024-12-12","08:00","gemma2-9b",1,0,0,0,0,0,0,0,1,0,0,0,1,0,0,0,1,0,1
"54","g2_top5_1212_08","2024-12-12","08:00","gemma2-9b",1,0,0,0,0,0,0,0,1,0,0,0,1,0,0,0,1,0,1
"55","g2_top5_1212_08","2024-12-12","08:00","gemma2-9b",1,0,0,0,0,0,0,0,1,0,0,0,1,0,0,0,1,0,1
"56","g2_top5_1212_16","2024-12-12","16:00","gemma2-9b",1,0,0,0,0,0,0,0,1,0,0,0,1,0,0,0,1,0,1
"57","g2_top5_1212_16","2024-12-12","16:00","gemma2-9b",1,0,0,0,0,0,0,0,1,0,0,0,1,0,0,0,1,0,1
"58","g2_top5_1212_16","2024-12-12","16:00","gemma2-9b",1,0,0,0,0,0,0,0,1,0,0,0,1,0,0,0,1,0,1
"59","g2_top5_1212_16","2024-12-12","16:00","gemma2-9b",1,0,0,0,0,0,0,0,1,0,0,0,1,0,0,0,1,0,1
"60","g2_top5_1212_16","2024-12-12","16:00","gemma2-9b",1,0,0,0,0,0,0,0,1,0,0,0,1,0,0,0,1,0,1
"61","g2_top5_1213_00","2024-12-13","00:00","gemma2-9b",1,0,0,0,0,0,0,0,1,0,0,0,1,0,0,0,1,0,1
"62","g2_top5_1213_00","2024-12-13","00:00","gemma2-9b",1,0,0,0,0,0,0,0,1,0,0,0,1,0,0,0,1,0,1
"63","g2_top5_1213_00","2024-12-13","00:00","gemma2-9b",1,0,0,0,0,0,0,0,1,0,0,0,1,0,0,0,1,0,1
"64","g2_top5_1213_00","2024-12-13","00:00","gemma2-9b",1,0,0,0,0,0,0,0,1,0,0,0,1,0,0,0,1,0,1
"65","g2_top5_1213_00","2024-12-13","00:00","gemma2-9b",1,0,0,0,0,0,0,0,1,0,0,0,1,0,0,0,1,0,1
"66","g2_top5_1213_08","2024-12-13","08:00","gemma2-9b",1,0,0,0,0,0,0,0,1,0,0,0,1,0,0,0,1,0,1
"67","g2_top5_1213_08","2024-12-13","08:00","gemma2-9b",1,0,0,0,0,0,0,0,1,0,0,0,1,0,0,0,1,0,1
"68","g2_top5_1213_08","2024-12-13","08:00","gemma2-9b",1,0,0,0,0,0,0,0,1,0,0,0,1,0,0,0,1,0,1
"69","g2_top5_1213_08","2024-12-13","08:00","gemma2-9b",1,0,0,0,0,0,0,0,1,0,0,0,1,0,0,0,1,0,1
"70","g2_top5_1213_08","2024-12-13","08:00","gemma2-9b",1,0,0,0,0,0,0,0,1,0,0,0,1,0,0,0,1,0,1
"71","g2_top5_1213_16","2024-12-13","16:00","gemma2-9b",1,0,0,0,0,0,0,0,1,0,0,0,1,0,0,0,1,0,1
"72","g2_top5_1213_16","2024-12-13","16:00","gemma2-9b",1,0,0,0,0,0,0,0,1,0,0,0,1,0,0,0,1,0,1
"73","g2_top5_1213_16","2024-12-13","16:00","gemma2-9b",1,0,0,0,0,0,0,0,1,0,0,0,1,0,0,0,1,0,1
"74","g2_top5_1213_16","2024-12-13","16:00","gemma2-9b",1,0,0,0,0,0,0,0,1,0,0,0,1,0,0,0,1,0,1
"75","g2_top5_1213_16","2024-12-13","16:00","gemma2-9b",1,0,0,0,0,0,0,0,1,0,0,0,1,0,0,0,1,0,1
"76","g2_top5_1214_00","2024-12-14","00:00","gemma2-9b",1,0,0,0,0,0,0,0,1,0,0,0,1,0,0,0,1,0,1
"77","g2_top5_1214_00","2024-12-14","00:00","gemma2-9b",1,0,0,0,0,0,0,0,1,0,0,0,1,0,0,0,1,0,1
"78","g2_top5_1214_00","2024-12-14","00:00","gemma2-9b",1,0,0,0,0,0,0,0,1,0,0,0,1,0,0,0,1,0,1
"79","g2_top5_1214_00","2024-12-14","00:00","gemma2-9b",1,0,0,0,0,0,0,0,1,0,0,0,1,0,0,0,1,0,1
"80","g2_top5_1214_00","2024-12-14","00:00","gemma2-9b",1,0,0,0,0,0,0,0,1,0,0,0,1,0,0,0,1,0,1
"81","g2_top5_1214_08","2024-12-14","08:00","gemma2-9b",1,0,0,0,0,0,0,0,1,0,0,0,1,0,0,0,1,0,1
"82","g2_top5_1214_08","2024-12-14","08:00","gemma2-9b",1,0,0,0,0,0,0,0,1,0,0,0,1,0,0,0,1,0,1
"83","g2_top5_1214_08","2024-12-14","08:00","gemma2-9b",1,0,0,0,0,0,0,0,1,0,0,0,1,0,0,0,1,0,1
"84","g2_top5_1214_08","2024-12-14","08:00","gemma2-9b",1,0,0,0,0,0,0,0,1,0,0,0,1,0,0,0,1,0,1
"85","g2_top5_1214_08","2024-12-14","08:00","gemma2-9b",1,0,0,0,0,0,0,0,1,0,0,0,1,0,0,0,1,0,1
"86","g2_top5_1214_16","2024-12-14","16:00","gemma2-9b",1,0,0,0,0,0,0,0,1,0,0,0,1,0,0,0,1,0,1
"87","g2_top5_1214_16","2024-12-14","16:00","gemma2-9b",1,0,0,0,0,0,0,0,1,0,0,0,1,0,0,0,1,0,1
"88","g2_top5_1214_16","2024-12-14","16:00","gemma2-9b",1,0,0,0,0,0,0,0,1,0,0,0,1,0,0,0,1,0,1
"89","g2_top5_1214_16","2024-12-14","16:00","gemma2-9b",1,0,0,0,0,0,0,0,1,0,0,0,1,0,0,0,1,0,1
"90","g2_top5_1214_16","2024-12-14","16:00","gemma2-9b",1,0,0,0,0,0,0,0,1,0,0,0,1,0,0,0,1,0,1
"91","g2_top5_1215_00","2024-12-15","00:00","gemma2-9b",1,0,0,0,0,0,0,0,1,0,0,0,1,0,0,0,1,0,1
"92","g2_top5_1215_00","2024-12-15","00:00","gemma2-9b",1,0,0,0,0,0,0,0,1,0,0,0,1,0,0,0,1,0,1
"93","g2_top5_1215_00","2024-12-15","00:00","gemma2-9b",1,0,0,0,0,0,0,0,1,0,0,0,1,0,0,0,1,0,1
"94","g2_top5_1215_00","2024-12-15","00:00","gemma2-9b",1,0,0,0,0,0,0,0,1,0,0,0,1,0,0,0,1,0,1
"95","g2_top5_1215_00","2024-12-15","00:00","gemma2-9b",1,0,0,0,0,0,0,0,1,0,0,0,1,0,0,0,1,0,1
"96","g2_top5_1215_08","2024-12-15","08:00","gemma2-9b",1,0,0,0,0,0,0,0,1,0,0,0,1,0,0,0,1,0,1
"97","g2_top5_1215_08","2024-12-15","08:00","gemma2-9b",1,0,0,0,0,0,0,0,1,0,0,0,1,0,0,0,1,0,1
"98","g2_top5_1215_08","2024-12-15","08:00","gemma2-9b",1,0,0,0,0,0,0,0,1,0,0,0,1,0,0,0,1,0,1
"99","g2_top5_1215_08","2024-12-15","08:00","gemma2-9b",1,0,0,0,0,0,0,0,1,0,0,0,1,0,0,0,1,0,1
"100","g2_top5_1215_08","2024-12-15","08:00","gemma2-9b",1,0,0,0,0,0,0,0,1,0,0,0,1,0,0,0,1,0,1
"101","g2_top5_1215_16","2024-12-15","16:00","gemma2-9b",1,0,0,0,0,0,0,0,1,0,0,0,1,0,0,0,1,0,1
"102","g2_top5_1215_16","2024-12-15","16:00","gemma2-9b",1,0,0,0,0,0,0,0,1,0,0,0,1,0,0,0,1,0,1
"103","g2_top5_1215_16","2024-12-15","16:00","gemma2-9b",1,0,0,0,0,0,0,0,1,0,0,0,1,0,0,0,1,0,1
"104","g2_top5_1215_16","2024-12-15","16:00","gemma2-9b",1,0,0,0,0,0,0,0,1,0,0,0,1,0,0,0,1,0,1
"105","g2_top5_1215_16","2024-12-15","16:00","gemma2-9b",1,0,0,0,0,0,0,0,1,0,0,0,1,0,0,0,1,0,1
"106","l31_70_top5_1209_00","2024-12-09","00:00","llama-3.1-70b",1,0,0,0,1,0,0,0,0,1,0,0,1,0,0,0,1,0,0
"107","l31_70_top5_1209_00","2024-12-09","00:00","llama-3.1-70b",1,0,0,0,1,0,0,0,0,1,0,0,1,0,0,0,1,0,0
"108","l31_70_top5_1209_00","2024-12-09","00:00","llama-3.1-70b",1,0,0,0,1,0,0,0,0,1,0,0,1,0,0,0,1,0,0
"109","l31_70_top5_1209_00","2024-12-09","00:00","llama-3.1-70b",1,0,0,0,1,0,0,0,0,1,0,0,1,0,0,0,1,0,0
"110","l31_70_top5_1209_00","2024-12-09","00:00","llama-3.1-70b",1,0,0,0,1,0,0,0,0,1,0,0,1,0,0,0,1,0,0
"111","l31_70_top5_1209_08","2024-12-09","08:00","llama-3.1-70b",1,0,0,0,1,0,0,0,0,1,0,0,1,0,0,0,1,0,0
"112","l31_70_top5_1209_08","2024-12-09","08:00","llama-3.1-70b",1,0,0,0,1,0,0,0,0,1,0,0,1,0,0,0,1,0,0
"113","l31_70_top5_1209_08","2024-12-09","08:00","llama-3.1-70b",1,0,0,0,1,0,0,0,0,1,0,0,1,0,0,0,1,0,0
"114","l31_70_top5_1209_08","2024-12-09","08:00","llama-3.1-70b",1,0,0,0,1,0,0,0,0,1,0,0,1,0,0,0,1,0,0
"115","l31_70_top5_1209_08","2024-12-09","08:00","llama-3.1-70b",1,0,0,0,1,0,0,0,0,1,0,0,1,0,0,0,1,0,0
"116","l31_70_top5_1209_16","2024-12-09","16:00","llama-3.1-70b",1,0,0,0,1,0,0,0,0,1,0,0,1,0,0,0,1,0,0
"117","l31_70_top5_1209_16","2024-12-09","16:00","llama-3.1-70b",1,0,0,0,1,0,0,0,0,1,0,0,1,0,0,0,1,0,0
"118","l31_70_top5_1209_16","2024-12-09","16:00","llama-3.1-70b",1,0,0,0,1,0,0,0,0,1,0,0,1,0,0,0,1,0,0
"119","l31_70_top5_1209_16","2024-12-09","16:00","llama-3.1-70b",1,0,0,0,1,0,0,0,0,1,0,0,1,0,0,0,1,0,0
"120","l31_70_top5_1209_16","2024-12-09","16:00","llama-3.1-70b",1,0,0,0,1,0,0,0,0,1,0,0,1,0,0,0,1,0,0
"121","l31_70_top5_1210_00","2024-12-10","00:00","llama-3.1-70b",1,0,0,0,1,0,0,0,0,1,0,0,1,0,0,0,1,0,0
"122","l31_70_top5_1210_00","2024-12-10","00:00","llama-3.1-70b",1,0,0,0,1,0,0,0,0,1,0,0,1,0,0,0,1,0,0
"123","l31_70_top5_1210_00","2024-12-10","00:00","llama-3.1-70b",1,0,0,0,1,0,0,0,0,1,0,0,1,0,0,0,1,0,0
"124","l31_70_top5_1210_00","2024-12-10","00:00","llama-3.1-70b",1,0,0,0,1,0,0,0,0,1,0,0,1,0,0,0,1,0,0
"125","l31_70_top5_1210_00","2024-12-10","00:00","llama-3.1-70b",1,0,0,0,1,0,0,0,0,1,0,0,1,0,0,0,1,0,0
"126","l31_70_top5_1211_00","2024-12-11","00:00","llama-3.1-70b",1,0,0,0,1,0,0,0,0,1,0,0,1,0,0,0,1,0,0
"127","l31_70_top5_1211_00","2024-12-11","00:00","llama-3.1-70b",1,0,0,0,1,0,0,0,0,1,0,0,1,0,0,0,1,0,0
"128","l31_70_top5_1211_00","2024-12-11","00:00","llama-3.1-70b",1,0,0,0,1,0,0,0,0,1,0,0,1,0,0,0,1,0,0
"129","l31_70_top5_1211_00","2024-12-11","00:00","llama-3.1-70b",1,0,0,0,1,0,0,0,0,1,0,0,1,0,0,0,1,0,0
"130","l31_70_top5_1211_00","2024-12-11","00:00","llama-3.1-70b",1,0,0,0,1,0,0,0,0,1,0,0,1,0,0,0,1,0,0
"131","l31_70_top5_1211_08","2024-12-11","08:00","llama-3.1-70b",1,0,0,0,1,0,0,0,0,1,0,0,1,0,0,0,1,0,0
"132","l31_70_top5_1211_08","2024-12-11","08:00","llama-3.1-70b",1,0,0,0,1,0,0,0,0,1,0,0,1,0,0,0,1,0,0
"133","l31_70_top5_1211_08","2024-12-11","08:00","llama-3.1-70b",1,0,0,0,1,0,0,0,0,1,0,0,1,0,0,0,1,0,0
"134","l31_70_top5_1211_08","2024-12-11","08:00","llama-3.1-70b",1,0,0,0,1,0,0,0,0,1,0,0,1,0,0,0,1,0,0
"135","l31_70_top5_1211_08","2024-12-11","08:00","llama-3.1-70b",1,0,0,0,1,0,0,0,0,1,0,0,1,0,0,0,1,0,0
"136","l31_70_top5_1212_00","2024-12-12","00:00","llama-3.1-70b",1,0,0,0,1,0,0,0,0,1,0,0,1,0,0,0,1,0,0
"137","l31_70_top5_1212_00","2024-12-12","00:00","llama-3.1-70b",1,0,0,0,1,0,0,0,0,1,0,0,1,0,0,0,1,0,0
"138","l31_70_top5_1212_00","2024-12-12","00:00","llama-3.1-70b",1,0,0,0,1,0,0,0,0,1,0,0,1,0,0,0,1,0,0
"139","l31_70_top5_1212_00","2024-12-12","00:00","llama-3.1-70b",1,0,0,0,1,0,0,0,0,1,0,0,1,0,0,0,1,0,0
"140","l31_70_top5_1212_00","2024-12-12","00:00","llama-3.1-70b",1,0,0,0,1,0,0,0,0,1,0,0,1,0,0,0,1,0,0
"141","l31_70_top5_1212_08","2024-12-12","08:00","llama-3.1-70b",1,0,0,0,1,0,0,0,0,1,0,0,1,0,0,0,1,0,0
"142","l31_70_top5_1212_08","2024-12-12","08:00","llama-3.1-70b",1,0,0,0,1,0,0,0,0,1,0,0,1,0,0,0,1,0,0
"143","l31_70_top5_1212_08","2024-12-12","08:00","llama-3.1-70b",1,0,0,0,1,0,0,0,0,1,0,0,1,0,0,0,1,0,0
"144","l31_70_top5_1212_08","2024-12-12","08:00","llama-3.1-70b",1,0,0,0,1,0,0,0,0,1,0,0,1,0,0,0,1,0,0
"145","l31_70_top5_1212_08","2024-12-12","08:00","llama-3.1-70b",1,0,0,0,1,0,0,0,0,1,0,0,1,0,0,0,1,0,0
"146","l31_70_top5_1212_16","2024-12-12","16:00","llama-3.1-70b",1,0,0,0,1,0,0,0,0,1,0,0,1,0,0,0,1,0,0
"147","l31_70_top5_1212_16","2024-12-12","16:00","llama-3.1-70b",1,0,0,0,1,0,0,0,0,1,0,0,1,0,0,0,1,0,0
"148","l31_70_top5_1212_16","2024-12-12","16:00","llama-3.1-70b",1,0,0,0,1,0,0,0,0,1,0,0,1,0,0,0,1,0,0
"149","l31_70_top5_1212_16","2024-12-12","16:00","llama-3.1-70b",1,0,0,0,1,0,0,0,0,1,0,0,1,0,0,0,1,0,0
"150","l31_70_top5_1212_16","2024-12-12","16:00","llama-3.1-70b",1,0,0,0,1,0,0,0,0,1,0,0,1,0,0,0,1,0,0
"151","l31_70_top5_1213_00","2024-12-13","00:00","llama-3.1-70b",1,0,0,0,1,0,0,0,0,1,0,0,1,0,0,0,1,0,0
"152","l31_70_top5_1213_00","2024-12-13","00:00","llama-3.1-70b",1,0,0,0,1,0,0,0,0,1,0,0,1,0,0,0,1,0,0
"153","l31_70_top5_1213_00","2024-12-13","00:00","llama-3.1-70b",1,0,0,0,1,0,0,0,0,1,0,0,1,0,0,0,1,0,0
"154","l31_70_top5_1213_00","2024-12-13","00:00","llama-3.1-70b",1,0,0,0,1,0,0,0,0,1,0,0,1,0,0,0,1,0,0
"155","l31_70_top5_1213_00","2024-12-13","00:00","llama-3.1-70b",1,0,0,0,1,0,0,0,0,1,0,0,1,0,0,0,1,0,0
"156","l31_70_top5_1213_08","2024-12-13","08:00","llama-3.1-70b",1,0,0,0,1,0,0,0,0,1,0,0,1,0,0,0,1,0,0
"157","l31_70_top5_1213_08","2024-12-13","08:00","llama-3.1-70b",1,0,0,0,1,0,0,0,0,1,0,0,1,0,0,0,1,0,0
"158","l31_70_top5_1213_08","2024-12-13","08:00","llama-3.1-70b",1,0,0,0,1,0,0,0,0,1,0,0,1,0,0,0,1,0,0
"159","l31_70_top5_1213_08","2024-12-13","08:00","llama-3.1-70b",1,0,0,0,1,0,0,0,0,1,0,0,1,0,0,0,1,0,0
"160","l31_70_top5_1213_08","2024-12-13","08:00","llama-3.1-70b",1,0,0,0,1,0,0,0,0,1,0,0,1,0,0,0,1,0,0
"161","l31_70_top5_1213_16","2024-12-13","16:00","llama-3.1-70b",1,0,0,0,1,0,0,0,0,1,0,0,1,0,0,0,1,0,0
"162","l31_70_top5_1213_16","2024-12-13","16:00","llama-3.1-70b",1,0,0,0,1,0,0,0,0,1,0,0,1,0,0,0,1,0,0
"163","l31_70_top5_1213_16","2024-12-13","16:00","llama-3.1-70b",1,0,0,0,1,0,0,0,0,1,0,0,1,0,0,0,1,0,0
"164","l31_70_top5_1213_16","2024-12-13","16:00","llama-3.1-70b",1,0,0,0,1,0,0,0,0,1,0,0,1,0,0,0,1,0,0
"165","l31_70_top5_1213_16","2024-12-13","16:00","llama-3.1-70b",1,0,0,0,1,0,0,0,0,1,0,0,1,0,0,0,1,0,0
"166","l31_70_top5_1214_00","2024-12-14","00:00","llama-3.1-70b",1,0,0,0,1,0,0,0,0,1,0,0,1,0,0,0,1,0,0
"167","l31_70_top5_1214_00","2024-12-14","00:00","llama-3.1-70b",1,0,0,0,1,0,0,0,0,1,0,0,1,0,0,0,1,0,0
"168","l31_70_top5_1214_00","2024-12-14","00:00","llama-3.1-70b",1,0,0,0,1,0,0,0,0,1,0,0,1,0,0,0,1,0,0
"169","l31_70_top5_1214_00","2024-12-14","00:00","llama-3.1-70b",1,0,0,0,1,0,0,0,0,1,0,0,1,0,0,0,1,0,0
"170","l31_70_top5_1214_00","2024-12-14","00:00","llama-3.1-70b",1,0,0,0,1,0,0,0,0,1,0,0,1,0,0,0,1,0,0
"171","l31_70_top5_1214_16","2024-12-14","16:00","llama-3.1-70b",1,0,0,0,1,0,0,0,0,1,0,0,1,0,0,0,1,0,0
"172","l31_70_top5_1214_16","2024-12-14","16:00","llama-3.1-70b",1,0,0,0,1,0,0,0,0,1,0,0,1,0,0,0,1,0,0
"173","l31_70_top5_1214_16","2024-12-14","16:00","llama-3.1-70b",1,0,0,0,1,0,0,0,0,1,0,0,1,0,0,0,1,0,0
"174","l31_70_top5_1214_16","2024-12-14","16:00","llama-3.1-70b",1,0,0,0,1,0,0,0,0,1,0,0,1,0,0,0,1,0,0
"175","l31_70_top5_1214_16","2024-12-14","16:00","llama-3.1-70b",1,0,0,0,1,0,0,0,0,1,0,0,1,0,0,0,1,0,0
"176","l31_70_top5_1215_08","2024-12-15","08:00","llama-3.1-70b",1,0,0,0,1,0,0,0,0,1,0,0,1,0,0,0,1,0,0
"177","l31_70_top5_1215_08","2024-12-15","08:00","llama-3.1-70b",1,0,0,0,1,0,0,0,0,1,0,0,1,0,0,0,1,0,0
"178","l31_70_top5_1215_08","2024-12-15","08:00","llama-3.1-70b",1,0,0,0,1,0,0,0,0,1,0,0,1,0,0,0,1,0,0
"179","l31_70_top5_1215_08","2024-12-15","08:00","llama-3.1-70b",1,0,0,0,1,0,0,0,0,1,0,0,1,0,0,0,1,0,0
"180","l31_70_top5_1215_08","2024-12-15","08:00","llama-3.1-70b",1,0,0,0,1,0,0,0,0,1,0,0,1,0,0,0,1,0,0
"181","l31_8_top5_1209_00","2024-12-09","00:00","llama-3.1-8b",1,1,0,0,0,0,0,0,0,0,1,0,1,0,0,0,1,0,0
"182","l31_8_top5_1209_00","2024-12-09","00:00","llama-3.1-8b",1,1,0,0,0,0,0,0,0,0,1,0,1,0,0,0,1,0,0
"183","l31_8_top5_1209_00","2024-12-09","00:00","llama-3.1-8b",1,1,0,0,0,0,0,0,0,0,1,0,1,0,0,0,1,0,0
"184","l31_8_top5_1209_00","2024-12-09","00:00","llama-3.1-8b",1,1,0,0,0,0,0,0,0,0,1,0,1,0,0,0,1,0,0
"185","l31_8_top5_1209_00","2024-12-09","00:00","llama-3.1-8b",1,1,0,0,0,0,0,0,0,0,1,0,1,0,0,0,1,0,0
"186","l31_8_top5_1209_08","2024-12-09","08:00","llama-3.1-8b",1,1,0,0,0,0,0,0,0,0,1,0,1,0,0,0,1,0,0
"187","l31_8_top5_1209_08","2024-12-09","08:00","llama-3.1-8b",1,1,0,0,0,0,0,0,0,0,1,0,1,0,0,0,1,0,0
"188","l31_8_top5_1209_08","2024-12-09","08:00","llama-3.1-8b",1,1,0,0,0,0,0,0,0,0,1,0,1,0,0,0,1,0,0
"189","l31_8_top5_1209_08","2024-12-09","08:00","llama-3.1-8b",1,1,0,0,0,0,0,0,0,0,1,0,1,0,0,0,1,0,0
"190","l31_8_top5_1209_08","2024-12-09","08:00","llama-3.1-8b",1,1,0,0,0,0,0,0,0,0,1,0,1,0,0,0,1,0,0
"191","l31_8_top5_1209_16","2024-12-09","16:00","llama-3.1-8b",1,1,0,0,0,0,0,0,0,0,1,0,1,0,0,0,1,0,0
"192","l31_8_top5_1209_16","2024-12-09","16:00","llama-3.1-8b",1,1,0,0,0,0,0,0,0,0,1,0,1,0,0,0,1,0,0
"193","l31_8_top5_1209_16","2024-12-09","16:00","llama-3.1-8b",1,1,0,0,0,0,0,0,0,0,1,0,1,0,0,0,1,0,0
"194","l31_8_top5_1209_16","2024-12-09","16:00","llama-3.1-8b",1,1,0,0,0,0,0,0,0,0,1,0,1,0,0,0,1,0,0
"195","l31_8_top5_1209_16","2024-12-09","16:00","llama-3.1-8b",1,1,0,0,0,0,0,0,0,0,1,0,1,0,0,0,1,0,0
"196","l31_8_top5_1210_00","2024-12-10","00:00","llama-3.1-8b",1,1,0,0,0,0,0,0,0,0,1,0,1,0,0,0,1,0,0
"197","l31_8_top5_1210_00","2024-12-10","00:00","llama-3.1-8b",1,1,0,0,0,0,0,0,0,0,1,0,1,0,0,0,1,0,0
"198","l31_8_top5_1210_00","2024-12-10","00:00","llama-3.1-8b",1,1,0,0,0,0,0,0,0,0,1,0,1,0,0,0,1,0,0
"199","l31_8_top5_1210_00","2024-12-10","00:00","llama-3.1-8b",1,1,0,0,0,0,0,0,0,0,1,0,1,0,0,0,1,0,0
"200","l31_8_top5_1210_00","2024-12-10","00:00","llama-3.1-8b",1,1,0,0,0,0,0,0,0,0,1,0,1,0,0,0,1,0,0
"201","l31_8_top5_1210_16","2024-12-10","16:00","llama-3.1-8b",1,1,0,0,0,0,0,0,0,0,1,0,1,0,0,0,1,0,0
"202","l31_8_top5_1210_16","2024-12-10","16:00","llama-3.1-8b",1,1,0,0,0,0,0,0,0,0,1,0,1,0,0,0,1,0,0
"203","l31_8_top5_1210_16","2024-12-10","16:00","llama-3.1-8b",1,1,0,0,0,0,0,0,0,0,1,0,1,0,0,0,1,0,0
"204","l31_8_top5_1210_16","2024-12-10","16:00","llama-3.1-8b",1,1,0,0,0,0,0,0,0,0,1,0,1,0,0,0,1,0,0
"205","l31_8_top5_1210_16","2024-12-10","16:00","llama-3.1-8b",1,1,0,0,0,0,0,0,0,0,1,0,1,0,0,0,1,0,0
"206","l31_8_top5_1211_00","2024-12-11","00:00","llama-3.1-8b",1,1,0,0,0,0,0,0,0,0,1,0,1,0,0,0,1,0,0
"207","l31_8_top5_1211_00","2024-12-11","00:00","llama-3.1-8b",1,1,0,0,0,0,0,0,0,0,1,0,1,0,0,0,1,0,0
"208","l31_8_top5_1211_00","2024-12-11","00:00","llama-3.1-8b",1,1,0,0,0,0,0,0,0,0,1,0,1,0,0,0,1,0,0
"209","l31_8_top5_1211_00","2024-12-11","00:00","llama-3.1-8b",1,1,0,0,0,0,0,0,0,0,1,0,1,0,0,0,1,0,0
"210","l31_8_top5_1211_00","2024-12-11","00:00","llama-3.1-8b",1,1,0,0,0,0,0,0,0,0,1,0,1,0,0,0,1,0,0
"211","l31_8_top5_1211_16","2024-12-11","16:00","llama-3.1-8b",1,1,0,0,0,0,0,0,0,0,1,0,1,0,0,0,1,0,0
"212","l31_8_top5_1211_16","2024-12-11","16:00","llama-3.1-8b",1,1,0,0,0,0,0,0,0,0,1,0,1,0,0,0,1,0,0
"213","l31_8_top5_1211_16","2024-12-11","16:00","llama-3.1-8b",1,1,0,0,0,0,0,0,0,0,1,0,1,0,0,0,1,0,0
"214","l31_8_top5_1211_16","2024-12-11","16:00","llama-3.1-8b",1,1,0,0,0,0,0,0,0,0,1,0,1,0,0,0,1,0,0
"215","l31_8_top5_1211_16","2024-12-11","16:00","llama-3.1-8b",1,1,0,0,0,0,0,0,0,0,1,0,1,0,0,0,1,0,0
"216","l31_8_top5_1212_00","2024-12-12","00:00","llama-3.1-8b",1,1,0,0,0,0,0,0,0,0,1,0,1,0,0,0,1,0,0
"217","l31_8_top5_1212_00","2024-12-12","00:00","llama-3.1-8b",1,1,0,0,0,0,0,0,0,0,1,0,1,0,0,0,1,0,0
"218","l31_8_top5_1212_00","2024-12-12","00:00","llama-3.1-8b",1,1,0,0,0,0,0,0,0,0,1,0,1,0,0,0,1,0,0
"219","l31_8_top5_1212_00","2024-12-12","00:00","llama-3.1-8b",1,1,0,0,0,0,0,0,0,0,1,0,1,0,0,0,1,0,0
"220","l31_8_top5_1212_00","2024-12-12","00:00","llama-3.1-8b",1,1,0,0,0,0,0,0,0,0,1,0,1,0,0,0,1,0,0
"221","l31_8_top5_1212_08","2024-12-12","08:00","llama-3.1-8b",1,1,0,0,0,0,0,0,0,0,1,0,1,0,0,0,1,0,0
"222","l31_8_top5_1212_08","2024-12-12","08:00","llama-3.1-8b",1,1,0,0,0,0,0,0,0,0,1,0,1,0,0,0,1,0,0
"223","l31_8_top5_1212_08","2024-12-12","08:00","llama-3.1-8b",1,1,0,0,0,0,0,0,0,0,1,0,1,0,0,0,1,0,0
"224","l31_8_top5_1212_08","2024-12-12","08:00","llama-3.1-8b",1,1,0,0,0,0,0,0,0,0,1,0,1,0,0,0,1,0,0
"225","l31_8_top5_1212_08","2024-12-12","08:00","llama-3.1-8b",1,1,0,0,0,0,0,0,0,0,1,0,1,0,0,0,1,0,0
"226","l31_8_top5_1212_16","2024-12-12","16:00","llama-3.1-8b",1,1,0,0,0,0,0,0,0,0,1,0,1,0,0,0,1,0,0
"227","l31_8_top5_1212_16","2024-12-12","16:00","llama-3.1-8b",1,1,0,0,0,0,0,0,0,0,1,0,1,0,0,0,1,0,0
"228","l31_8_top5_1212_16","2024-12-12","16:00","llama-3.1-8b",1,1,0,0,0,0,0,0,0,0,1,0,1,0,0,0,1,0,0
"229","l31_8_top5_1212_16","2024-12-12","16:00","llama-3.1-8b",1,1,0,0,0,0,0,0,0,0,1,0,1,0,0,0,1,0,0
"230","l31_8_top5_1212_16","2024-12-12","16:00","llama-3.1-8b",1,1,0,0,0,0,0,0,0,0,1,0,1,0,0,0,1,0,0
"231","l31_8_top5_1213_00","2024-12-13","00:00","llama-3.1-8b",1,1,0,0,0,0,0,0,0,0,1,0,1,0,0,0,1,0,0
"232","l31_8_top5_1213_00","2024-12-13","00:00","llama-3.1-8b",1,1,0,0,0,0,0,0,0,0,1,0,1,0,0,0,1,0,0
"233","l31_8_top5_1213_00","2024-12-13","00:00","llama-3.1-8b",1,1,0,0,0,0,0,0,0,0,1,0,1,0,0,0,1,0,0
"234","l31_8_top5_1213_00","2024-12-13","00:00","llama-3.1-8b",1,1,0,0,0,0,0,0,0,0,1,0,1,0,0,0,1,0,0
"235","l31_8_top5_1213_00","2024-12-13","00:00","llama-3.1-8b",1,1,0,0,0,0,0,0,0,0,1,0,1,0,0,0,1,0,0
"236","l31_8_top5_1213_16","2024-12-13","16:00","llama-3.1-8b",1,1,0,0,0,0,0,0,0,0,1,0,1,0,0,0,1,0,0
"237","l31_8_top5_1213_16","2024-12-13","16:00","llama-3.1-8b",1,1,0,0,0,0,0,0,0,0,1,0,1,0,0,0,1,0,0
"238","l31_8_top5_1213_16","2024-12-13","16:00","llama-3.1-8b",1,1,0,0,0,0,0,0,0,0,1,0,1,0,0,0,1,0,0
"239","l31_8_top5_1213_16","2024-12-13","16:00","llama-3.1-8b",1,1,0,0,0,0,0,0,0,0,1,0,1,0,0,0,1,0,0
"240","l31_8_top5_1213_16","2024-12-13","16:00","llama-3.1-8b",1,1,0,0,0,0,0,0,0,0,1,0,1,0,0,0,1,0,0
"241","l31_8_top5_1214_00","2024-12-14","00:00","llama-3.1-8b",1,1,0,0,0,0,0,0,0,0,1,0,1,0,0,0,1,0,0
"242","l31_8_top5_1214_00","2024-12-14","00:00","llama-3.1-8b",1,1,0,0,0,0,0,0,0,0,1,0,1,0,0,0,1,0,0
"243","l31_8_top5_1214_00","2024-12-14","00:00","llama-3.1-8b",1,1,0,0,0,0,0,0,0,0,1,0,1,0,0,0,1,0,0
"244","l31_8_top5_1214_00","2024-12-14","00:00","llama-3.1-8b",1,1,0,0,0,0,0,0,0,0,1,0,1,0,0,0,1,0,0
"245","l31_8_top5_1214_00","2024-12-14","00:00","llama-3.1-8b",1,1,0,0,0,0,0,0,0,0,1,0,1,0,0,0,1,0,0
"246","l31_8_top5_1214_16","2024-12-14","16:00","llama-3.1-8b",1,1,0,0,0,0,0,0,0,0,1,0,1,0,0,0,1,0,0
"247","l31_8_top5_1214_16","2024-12-14","16:00","llama-3.1-8b",1,1,0,0,0,0,0,0,0,0,1,0,1,0,0,0,1,0,0
"248","l31_8_top5_1214_16","2024-12-14","16:00","llama-3.1-8b",1,1,0,0,0,0,0,0,0,0,1,0,1,0,0,0,1,0,0
"249","l31_8_top5_1214_16","2024-12-14","16:00","llama-3.1-8b",1,1,0,0,0,0,0,0,0,0,1,0,1,0,0,0,1,0,0
"250","l31_8_top5_1214_16","2024-12-14","16:00","llama-3.1-8b",1,1,0,0,0,0,0,0,0,0,1,0,1,0,0,0,1,0,0
"251","l31_8_top5_1215_00","2024-12-15","00:00","llama-3.1-8b",1,1,0,0,0,0,0,0,0,0,1,0,1,0,0,0,1,0,0
"252","l31_8_top5_1215_00","2024-12-15","00:00","llama-3.1-8b",1,1,0,0,0,0,0,0,0,0,1,0,1,0,0,0,1,0,0
"253","l31_8_top5_1215_00","2024-12-15","00:00","llama-3.1-8b",1,1,0,0,0,0,0,0,0,0,1,0,1,0,0,0,1,0,0
"254","l31_8_top5_1215_00","2024-12-15","00:00","llama-3.1-8b",1,1,0,0,0,0,0,0,0,0,1,0,1,0,0,0,1,0,0
"255","l31_8_top5_1215_00","2024-12-15","00:00","llama-3.1-8b",1,1,0,0,0,0,0,0,0,0,1,0,1,0,0,0,1,0,0
"256","mx_top5_1209_00","2024-12-09","00:00","mixtral-8x7b",1,0,0,0,0,0,0,0,1,0,0,1,1,0,0,0,1,0,0
"257","mx_top5_1209_00","2024-12-09","00:00","mixtral-8x7b",1,0,0,0,0,0,0,0,1,0,0,1,1,0,0,0,1,0,0
"258","mx_top5_1209_00","2024-12-09","00:00","mixtral-8x7b",1,0,0,0,0,0,0,0,1,0,0,1,1,0,0,0,1,0,0
"259","mx_top5_1209_00","2024-12-09","00:00","mixtral-8x7b",1,0,0,0,0,0,0,0,1,0,0,1,1,0,0,0,1,0,0
"260","mx_top5_1209_00","2024-12-09","00:00","mixtral-8x7b",1,0,0,0,0,0,0,0,1,0,0,1,1,0,0,0,1,0,0
"261","mx_top5_1209_08","2024-12-09","08:00","mixtral-8x7b",1,0,0,0,0,0,0,0,1,0,0,1,1,0,0,0,1,0,0
"262","mx_top5_1209_08","2024-12-09","08:00","mixtral-8x7b",1,0,0,0,0,0,0,0,1,0,0,1,1,0,0,0,1,0,0
"263","mx_top5_1209_08","2024-12-09","08:00","mixtral-8x7b",1,0,0,0,0,0,0,0,1,0,0,1,1,0,0,0,1,0,0
"264","mx_top5_1209_08","2024-12-09","08:00","mixtral-8x7b",1,0,0,0,0,0,0,0,1,0,0,1,1,0,0,0,1,0,0
"265","mx_top5_1209_08","2024-12-09","08:00","mixtral-8x7b",1,0,0,0,0,0,0,0,1,0,0,1,1,0,0,0,1,0,0
"266","mx_top5_1209_16","2024-12-09","16:00","mixtral-8x7b",1,0,0,0,0,0,0,0,1,0,0,1,1,0,0,0,1,0,0
"267","mx_top5_1209_16","2024-12-09","16:00","mixtral-8x7b",1,0,0,0,0,0,0,0,1,0,0,1,1,0,0,0,1,0,0
"268","mx_top5_1209_16","2024-12-09","16:00","mixtral-8x7b",1,0,0,0,0,0,0,0,1,0,0,1,1,0,0,0,1,0,0
"269","mx_top5_1209_16","2024-12-09","16:00","mixtral-8x7b",1,0,0,0,0,0,0,0,1,0,0,1,1,0,0,0,1,0,0
"270","mx_top5_1209_16","2024-12-09","16:00","mixtral-8x7b",1,0,0,0,0,0,0,0,1,0,0,1,1,0,0,0,1,0,0
"271","mx_top5_1210_00","2024-12-10","00:00","mixtral-8x7b",1,0,0,0,0,0,0,0,1,0,0,1,1,0,0,0,1,0,0
"272","mx_top5_1210_00","2024-12-10","00:00","mixtral-8x7b",1,0,0,0,0,0,0,0,1,0,0,1,1,0,0,0,1,0,0
"273","mx_top5_1210_00","2024-12-10","00:00","mixtral-8x7b",1,0,0,0,0,0,0,0,1,0,0,1,1,0,0,0,1,0,0
"274","mx_top5_1210_00","2024-12-10","00:00","mixtral-8x7b",1,0,0,0,0,0,0,0,1,0,0,1,1,0,0,0,1,0,0
"275","mx_top5_1210_00","2024-12-10","00:00","mixtral-8x7b",1,0,0,0,0,0,0,0,1,0,0,1,1,0,0,0,1,0,0
"276","mx_top5_1210_08","2024-12-10","08:00","mixtral-8x7b",1,0,0,0,0,0,0,0,1,0,0,1,1,0,0,0,1,0,0
"277","mx_top5_1210_08","2024-12-10","08:00","mixtral-8x7b",1,0,0,0,0,0,0,0,1,0,0,1,1,0,0,0,1,0,0
"278","mx_top5_1210_08","2024-12-10","08:00","mixtral-8x7b",1,0,0,0,0,0,0,0,1,0,0,1,1,0,0,0,1,0,0
"279","mx_top5_1210_08","2024-12-10","08:00","mixtral-8x7b",1,0,0,0,0,0,0,0,1,0,0,1,1,0,0,0,1,0,0
"280","mx_top5_1210_08","2024-12-10","08:00","mixtral-8x7b",1,0,0,0,0,0,0,0,1,0,0,1,1,0,0,0,1,0,0
"281","mx_top5_1210_16","2024-12-10","16:00","mixtral-8x7b",1,0,0,0,0,0,0,0,1,0,0,1,1,0,0,0,1,0,0
"282","mx_top5_1210_16","2024-12-10","16:00","mixtral-8x7b",1,0,0,0,0,0,0,0,1,0,0,1,1,0,0,0,1,0,0
"283","mx_top5_1210_16","2024-12-10","16:00","mixtral-8x7b",1,0,0,0,0,0,0,0,1,0,0,1,1,0,0,0,1,0,0
"284","mx_top5_1210_16","2024-12-10","16:00","mixtral-8x7b",1,0,0,0,0,0,0,0,1,0,0,1,1,0,0,0,1,0,0
"285","mx_top5_1210_16","2024-12-10","16:00","mixtral-8x7b",1,0,0,0,0,0,0,0,1,0,0,1,1,0,0,0,1,0,0
"286","mx_top5_1211_08","2024-12-11","08:00","mixtral-8x7b",1,0,0,0,0,0,0,0,1,0,0,1,1,0,0,0,1,0,0
"287","mx_top5_1211_08","2024-12-11","08:00","mixtral-8x7b",1,0,0,0,0,0,0,0,1,0,0,1,1,0,0,0,1,0,0
"288","mx_top5_1211_08","2024-12-11","08:00","mixtral-8x7b",1,0,0,0,0,0,0,0,1,0,0,1,1,0,0,0,1,0,0
"289","mx_top5_1211_08","2024-12-11","08:00","mixtral-8x7b",1,0,0,0,0,0,0,0,1,0,0,1,1,0,0,0,1,0,0
"290","mx_top5_1211_08","2024-12-11","08:00","mixtral-8x7b",1,0,0,0,0,0,0,0,1,0,0,1,1,0,0,0,1,0,0
"291","mx_top5_1211_16","2024-12-11","16:00","mixtral-8x7b",1,0,0,0,0,0,0,0,1,0,0,1,1,0,0,0,1,0,0
"292","mx_top5_1211_16","2024-12-11","16:00","mixtral-8x7b",1,0,0,0,0,0,0,0,1,0,0,1,1,0,0,0,1,0,0
"293","mx_top5_1211_16","2024-12-11","16:00","mixtral-8x7b",1,0,0,0,0,0,0,0,1,0,0,1,1,0,0,0,1,0,0
"294","mx_top5_1211_16","2024-12-11","16:00","mixtral-8x7b",1,0,0,0,0,0,0,0,1,0,0,1,1,0,0,0,1,0,0
"295","mx_top5_1211_16","2024-12-11","16:00","mixtral-8x7b",1,0,0,0,0,0,0,0,1,0,0,1,1,0,0,0,1,0,0
"296","mx_top5_1212_00","2024-12-12","00:00","mixtral-8x7b",1,0,0,0,0,0,0,0,1,0,0,1,1,0,0,0,1,0,0
"297","mx_top5_1212_00","2024-12-12","00:00","mixtral-8x7b",1,0,0,0,0,0,0,0,1,0,0,1,1,0,0,0,1,0,0
"298","mx_top5_1212_00","2024-12-12","00:00","mixtral-8x7b",1,0,0,0,0,0,0,0,1,0,0,1,1,0,0,0,1,0,0
"299","mx_top5_1212_00","2024-12-12","00:00","mixtral-8x7b",1,0,0,0,0,0,0,0,1,0,0,1,1,0,0,0,1,0,0
"300","mx_top5_1212_00","2024-12-12","00:00","mixtral-8x7b",1,0,0,0,0,0,0,0,1,0,0,1,1,0,0,0,1,0,0
"301","mx_top5_1212_08","2024-12-12","08:00","mixtral-8x7b",1,0,0,0,0,0,0,0,1,0,0,1,1,0,0,0,1,0,0
"302","mx_top5_1212_08","2024-12-12","08:00","mixtral-8x7b",1,0,0,0,0,0,0,0,1,0,0,1,1,0,0,0,1,0,0
"303","mx_top5_1212_08","2024-12-12","08:00","mixtral-8x7b",1,0,0,0,0,0,0,0,1,0,0,1,1,0,0,0,1,0,0
"304","mx_top5_1212_08","2024-12-12","08:00","mixtral-8x7b",1,0,0,0,0,0,0,0,1,0,0,1,1,0,0,0,1,0,0
"305","mx_top5_1212_08","2024-12-12","08:00","mixtral-8x7b",1,0,0,0,0,0,0,0,1,0,0,1,1,0,0,0,1,0,0
"306","mx_top5_1212_16","2024-12-12","16:00","mixtral-8x7b",1,0,0,0,0,0,0,0,1,0,0,1,1,0,0,0,1,0,0
"307","mx_top5_1212_16","2024-12-12","16:00","mixtral-8x7b",1,0,0,0,0,0,0,0,1,0,0,1,1,0,0,0,1,0,0
"308","mx_top5_1212_16","2024-12-12","16:00","mixtral-8x7b",1,0,0,0,0,0,0,0,1,0,0,1,1,0,0,0,1,0,0
"309","mx_top5_1212_16","2024-12-12","16:00","mixtral-8x7b",1,0,0,0,0,0,0,0,1,0,0,1,1,0,0,0,1,0,0
"310","mx_top5_1212_16","2024-12-12","16:00","mixtral-8x7b",1,0,0,0,0,0,0,0,1,0,0,1,1,0,0,0,1,0,0
"311","mx_top5_1213_00","2024-12-13","00:00","mixtral-8x7b",1,0,0,0,0,0,0,0,1,0,0,1,1,0,0,0,1,0,0
"312","mx_top5_1213_00","2024-12-13","00:00","mixtral-8x7b",1,0,0,0,0,0,0,0,1,0,0,1,1,0,0,0,1,0,0
"313","mx_top5_1213_00","2024-12-13","00:00","mixtral-8x7b",1,0,0,0,0,0,0,0,1,0,0,1,1,0,0,0,1,0,0
"314","mx_top5_1213_00","2024-12-13","00:00","mixtral-8x7b",1,0,0,0,0,0,0,0,1,0,0,1,1,0,0,0,1,0,0
"315","mx_top5_1213_00","2024-12-13","00:00","mixtral-8x7b",1,0,0,0,0,0,0,0,1,0,0,1,1,0,0,0,1,0,0
"316","mx_top5_1213_08","2024-12-13","08:00","mixtral-8x7b",1,0,0,0,0,0,0,0,1,0,0,1,1,0,0,0,1,0,0
"317","mx_top5_1213_08","2024-12-13","08:00","mixtral-8x7b",1,0,0,0,0,0,0,0,1,0,0,1,1,0,0,0,1,0,0
"318","mx_top5_1213_08","2024-12-13","08:00","mixtral-8x7b",1,0,0,0,0,0,0,0,1,0,0,1,1,0,0,0,1,0,0
"319","mx_top5_1213_08","2024-12-13","08:00","mixtral-8x7b",1,0,0,0,0,0,0,0,1,0,0,1,1,0,0,0,1,0,0
"320","mx_top5_1213_08","2024-12-13","08:00","mixtral-8x7b",1,0,0,0,0,0,0,0,1,0,0,1,1,0,0,0,1,0,0
"321","mx_top5_1213_16","2024-12-13","16:00","mixtral-8x7b",1,0,0,0,0,0,0,0,1,0,0,1,1,0,0,0,1,0,0
"322","mx_top5_1213_16","2024-12-13","16:00","mixtral-8x7b",1,0,0,0,0,0,0,0,1,0,0,1,1,0,0,0,1,0,0
"323","mx_top5_1213_16","2024-12-13","16:00","mixtral-8x7b",1,0,0,0,0,0,0,0,1,0,0,1,1,0,0,0,1,0,0
"324","mx_top5_1213_16","2024-12-13","16:00","mixtral-8x7b",1,0,0,0,0,0,0,0,1,0,0,1,1,0,0,0,1,0,0
"325","mx_top5_1213_16","2024-12-13","16:00","mixtral-8x7b",1,0,0,0,0,0,0,0,1,0,0,1,1,0,0,0,1,0,0
"326","mx_top5_1214_00","2024-12-14","00:00","mixtral-8x7b",1,0,0,0,0,0,0,0,1,0,0,1,1,0,0,0,1,0,0
"327","mx_top5_1214_00","2024-12-14","00:00","mixtral-8x7b",1,0,0,0,0,0,0,0,1,0,0,1,1,0,0,0,1,0,0
"328","mx_top5_1214_00","2024-12-14","00:00","mixtral-8x7b",1,0,0,0,0,0,0,0,1,0,0,1,1,0,0,0,1,0,0
"329","mx_top5_1214_00","2024-12-14","00:00","mixtral-8x7b",1,0,0,0,0,0,0,0,1,0,0,1,1,0,0,0,1,0,0
"330","mx_top5_1214_00","2024-12-14","00:00","mixtral-8x7b",1,0,0,0,0,0,0,0,1,0,0,1,1,0,0,0,1,0,0
"331","mx_top5_1214_08","2024-12-14","08:00","mixtral-8x7b",1,0,0,0,0,0,0,0,1,0,0,1,1,0,0,0,1,0,0
"332","mx_top5_1214_08","2024-12-14","08:00","mixtral-8x7b",1,0,0,0,0,0,0,0,1,0,0,1,1,0,0,0,1,0,0
"333","mx_top5_1214_08","2024-12-14","08:00","mixtral-8x7b",1,0,0,0,0,0,0,0,1,0,0,1,1,0,0,0,1,0,0
"334","mx_top5_1214_08","2024-12-14","08:00","mixtral-8x7b",1,0,0,0,0,0,0,0,1,0,0,1,1,0,0,0,1,0,0
"335","mx_top5_1214_08","2024-12-14","08:00","mixtral-8x7b",1,0,0,0,0,0,0,0,1,0,0,1,1,0,0,0,1,0,0
"336","mx_top5_1214_16","2024-12-14","16:00","mixtral-8x7b",1,0,0,0,0,0,0,0,1,0,0,1,1,0,0,0,1,0,0
"337","mx_top5_1214_16","2024-12-14","16:00","mixtral-8x7b",1,0,0,0,0,0,0,0,1,0,0,1,1,0,0,0,1,0,0
"338","mx_top5_1214_16","2024-12-14","16:00","mixtral-8x7b",1,0,0,0,0,0,0,0,1,0,0,1,1,0,0,0,1,0,0
"339","mx_top5_1214_16","2024-12-14","16:00","mixtral-8x7b",1,0,0,0,0,0,0,0,1,0,0,1,1,0,0,0,1,0,0
"340","mx_top5_1214_16","2024-12-14","16:00","mixtral-8x7b",1,0,0,0,0,0,0,0,1,0,0,1,1,0,0,0,1,0,0
"341","mx_top5_1215_00","2024-12-15","00:00","mixtral-8x7b",1,0,0,0,0,0,0,0,1,0,0,1,1,0,0,0,1,0,0
"342","mx_top5_1215_00","2024-12-15","00:00","mixtral-8x7b",1,0,0,0,0,0,0,0,1,0,0,1,1,0,0,0,1,0,0
"343","mx_top5_1215_00","2024-12-15","00:00","mixtral-8x7b",1,0,0,0,0,0,0,0,1,0,0,1,1,0,0,0,1,0,0
"344","mx_top5_1215_00","2024-12-15","00:00","mixtral-8x7b",1,0,0,0,0,0,0,0,1,0,0,1,1,0,0,0,1,0,0
"345","mx_top5_1215_00","2024-12-15","00:00","mixtral-8x7b",1,0,0,0,0,0,0,0,1,0,0,1,1,0,0,0,1,0,0
"346","mx_top5_1215_08","2024-12-15","08:00","mixtral-8x7b",1,0,0,0,0,0,0,0,1,0,0,1,1,0,0,0,1,0,0
"347","mx_top5_1215_08","2024-12-15","08:00","mixtral-8x7b",1,0,0,0,0,0,0,0,1,0,0,1,1,0,0,0,1,0,0
"348","mx_top5_1215_08","2024-12-15","08:00","mixtral-8x7b",1,0,0,0,0,0,0,0,1,0,0,1,1,0,0,0,1,0,0
"349","mx_top5_1215_08","2024-12-15","08:00","mixtral-8x7b",1,0,0,0,0,0,0,0,1,0,0,1,1,0,0,0,1,0,0
"350","mx_top5_1215_08","2024-12-15","08:00","mixtral-8x7b",1,0,0,0,0,0,0,0,1,0,0,1,1,0,0,0,1,0,0
"351","mx_top5_1215_16","2024-12-15","16:00","mixtral-8x7b",1,0,0,0,0,0,0,0,1,0,0,1,1,0,0,0,1,0,0
"352","mx_top5_1215_16","2024-12-15","16:00","mixtral-8x7b",1,0,0,0,0,0,0,0,1,0,0,1,1,0,0,0,1,0,0
"353","mx_top5_1215_16","2024-12-15","16:00","mixtral-8x7b",1,0,0,0,0,0,0,0,1,0,0,1,1,0,0,0,1,0,0
"354","mx_top5_1215_16","2024-12-15","16:00","mixtral-8x7b",1,0,0,0,0,0,0,0,1,0,0,1,1,0,0,0,1,0,0
"355","mx_top5_1215_16","2024-12-15","16:00","mixtral-8x7b",1,0,0,0,0,0,0,0,1,0,0,1,1,0,0,0,1,0,0
"356","l3_8_top5_1209_00","2024-12-09","00:00","llama3-8b",0,1,0,1,0,0,0,1,0,0,0,0,0,0,1,0,1,0,0
"357","l3_8_top5_1209_00","2024-12-09","00:00","llama3-8b",0,1,0,1,0,0,0,1,0,0,0,0,0,0,1,0,1,0,0
"358","l3_8_top5_1209_00","2024-12-09","00:00","llama3-8b",0,1,0,1,0,0,0,1,0,0,0,0,0,0,1,0,1,0,0
"359","l3_8_top5_1209_00","2024-12-09","00:00","llama3-8b",0,1,0,1,0,0,0,1,0,0,0,0,0,0,1,0,1,0,0
"360","l3_8_top5_1209_00","2024-12-09","00:00","llama3-8b",0,1,0,1,0,0,0,1,0,0,0,0,0,0,1,0,1,0,0
"361","l3_8_top5_1209_08","2024-12-09","08:00","llama3-8b",0,1,0,1,0,0,0,1,0,0,0,0,0,0,1,0,1,0,0
"362","l3_8_top5_1209_08","2024-12-09","08:00","llama3-8b",0,1,0,1,0,0,0,1,0,0,0,0,0,0,1,0,1,0,0
"363","l3_8_top5_1209_08","2024-12-09","08:00","llama3-8b",0,1,0,1,0,0,0,1,0,0,0,0,0,0,1,0,1,0,0
"364","l3_8_top5_1209_08","2024-12-09","08:00","llama3-8b",0,1,0,1,0,0,0,1,0,0,0,0,0,0,1,0,1,0,0
"365","l3_8_top5_1209_08","2024-12-09","08:00","llama3-8b",0,1,0,1,0,0,0,1,0,0,0,0,0,0,1,0,1,0,0
"366","l3_8_top5_1209_16","2024-12-09","16:00","llama3-8b",0,1,0,1,0,0,0,1,0,0,0,0,0,0,1,0,1,0,0
"367","l3_8_top5_1209_16","2024-12-09","16:00","llama3-8b",0,1,0,1,0,0,0,1,0,0,0,0,0,0,1,0,1,0,0
"368","l3_8_top5_1209_16","2024-12-09","16:00","llama3-8b",0,1,0,1,0,0,0,1,0,0,0,0,0,0,1,0,1,0,0
"369","l3_8_top5_1209_16","2024-12-09","16:00","llama3-8b",0,1,0,1,0,0,0,1,0,0,0,0,0,0,1,0,1,0,0
"370","l3_8_top5_1209_16","2024-12-09","16:00","llama3-8b",0,1,0,1,0,0,0,1,0,0,0,0,0,0,1,0,1,0,0
"371","l3_8_top5_1210_00","2024-12-10","00:00","llama3-8b",0,1,0,1,0,0,0,1,0,0,0,0,0,0,1,0,1,0,0
"372","l3_8_top5_1210_00","2024-12-10","00:00","llama3-8b",0,1,0,1,0,0,0,1,0,0,0,0,0,0,1,0,1,0,0
"373","l3_8_top5_1210_00","2024-12-10","00:00","llama3-8b",0,1,0,1,0,0,0,1,0,0,0,0,0,0,1,0,1,0,0
"374","l3_8_top5_1210_00","2024-12-10","00:00","llama3-8b",0,1,0,1,0,0,0,1,0,0,0,0,0,0,1,0,1,0,0
"375","l3_8_top5_1210_00","2024-12-10","00:00","llama3-8b",0,1,0,1,0,0,0,1,0,0,0,0,0,0,1,0,1,0,0
"376","l3_8_top5_1210_08","2024-12-10","08:00","llama3-8b",0,1,0,1,0,0,0,1,0,0,0,0,0,0,1,0,1,0,0
"377","l3_8_top5_1210_08","2024-12-10","08:00","llama3-8b",0,1,0,1,0,0,0,1,0,0,0,0,0,0,1,0,1,0,0
"378","l3_8_top5_1210_08","2024-12-10","08:00","llama3-8b",0,1,0,1,0,0,0,1,0,0,0,0,0,0,1,0,1,0,0
"379","l3_8_top5_1210_08","2024-12-10","08:00","llama3-8b",0,1,0,1,0,0,0,1,0,0,0,0,0,0,1,0,1,0,0
"380","l3_8_top5_1210_08","2024-12-10","08:00","llama3-8b",0,1,0,1,0,0,0,1,0,0,0,0,0,0,1,0,1,0,0
"381","l3_8_top5_1210_16","2024-12-10","16:00","llama3-8b",0,1,0,1,0,0,0,1,0,0,0,0,0,0,1,0,1,0,0
"382","l3_8_top5_1210_16","2024-12-10","16:00","llama3-8b",0,1,0,1,0,0,0,1,0,0,0,0,0,0,1,0,1,0,0
"383","l3_8_top5_1210_16","2024-12-10","16:00","llama3-8b",0,1,0,1,0,0,0,1,0,0,0,0,0,0,1,0,1,0,0
"384","l3_8_top5_1210_16","2024-12-10","16:00","llama3-8b",0,1,0,1,0,0,0,1,0,0,0,0,0,0,1,0,1,0,0
"385","l3_8_top5_1210_16","2024-12-10","16:00","llama3-8b",0,1,0,1,0,0,0,1,0,0,0,0,0,0,1,0,1,0,0
"386","l3_8_top5_1211_00","2024-12-11","00:00","llama3-8b",0,1,0,1,0,0,0,1,0,0,0,0,0,0,1,0,1,0,0
"387","l3_8_top5_1211_00","2024-12-11","00:00","llama3-8b",0,1,0,1,0,0,0,1,0,0,0,0,0,0,1,0,1,0,0
"388","l3_8_top5_1211_00","2024-12-11","00:00","llama3-8b",0,1,0,1,0,0,0,1,0,0,0,0,0,0,1,0,1,0,0
"389","l3_8_top5_1211_00","2024-12-11","00:00","llama3-8b",0,1,0,1,0,0,0,1,0,0,0,0,0,0,1,0,1,0,0
"390","l3_8_top5_1211_00","2024-12-11","00:00","llama3-8b",0,1,0,1,0,0,0,1,0,0,0,0,0,0,1,0,1,0,0
"391","l3_8_top5_1211_08","2024-12-11","08:00","llama3-8b",0,1,0,1,0,0,0,1,0,0,0,0,0,0,1,0,1,0,0
"392","l3_8_top5_1211_08","2024-12-11","08:00","llama3-8b",0,1,0,1,0,0,0,1,0,0,0,0,0,0,1,0,1,0,0
"393","l3_8_top5_1211_08","2024-12-11","08:00","llama3-8b",0,1,0,1,0,0,0,1,0,0,0,0,0,0,1,0,1,0,0
"394","l3_8_top5_1211_08","2024-12-11","08:00","llama3-8b",0,1,0,1,0,0,0,1,0,0,0,0,0,0,1,0,1,0,0
"395","l3_8_top5_1211_08","2024-12-11","08:00","llama3-8b",0,1,0,1,0,0,0,1,0,0,0,0,0,0,1,0,1,0,0
"396","l3_8_top5_1211_16","2024-12-11","16:00","llama3-8b",0,1,0,1,0,0,0,1,0,0,0,0,0,0,1,0,1,0,0
"397","l3_8_top5_1211_16","2024-12-11","16:00","llama3-8b",0,1,0,1,0,0,0,1,0,0,0,0,0,0,1,0,1,0,0
"398","l3_8_top5_1211_16","2024-12-11","16:00","llama3-8b",0,1,0,1,0,0,0,1,0,0,0,0,0,0,1,0,1,0,0
"399","l3_8_top5_1211_16","2024-12-11","16:00","llama3-8b",0,1,0,1,0,0,0,1,0,0,0,0,0,0,1,0,1,0,0
"400","l3_8_top5_1211_16","2024-12-11","16:00","llama3-8b",0,1,0,1,0,0,0,1,0,0,0,0,0,0,1,0,1,0,0
"401","l3_8_top5_1212_00","2024-12-12","00:00","llama3-8b",0,1,0,1,0,0,0,1,0,0,0,0,0,0,1,0,1,0,0
"402","l3_8_top5_1212_00","2024-12-12","00:00","llama3-8b",0,1,0,1,0,0,0,1,0,0,0,0,0,0,1,0,1,0,0
"403","l3_8_top5_1212_00","2024-12-12","00:00","llama3-8b",0,1,0,1,0,0,0,1,0,0,0,0,0,0,1,0,1,0,0
"404","l3_8_top5_1212_00","2024-12-12","00:00","llama3-8b",0,1,0,1,0,0,0,1,0,0,0,0,0,0,1,0,1,0,0
"405","l3_8_top5_1212_00","2024-12-12","00:00","llama3-8b",0,1,0,1,0,0,0,1,0,0,0,0,0,0,1,0,1,0,0
"406","l3_8_top5_1212_08","2024-12-12","08:00","llama3-8b",0,1,0,1,0,0,0,1,0,0,0,0,0,0,1,0,1,0,0
"407","l3_8_top5_1212_08","2024-12-12","08:00","llama3-8b",0,1,0,1,0,0,0,1,0,0,0,0,0,0,1,0,1,0,0
"408","l3_8_top5_1212_08","2024-12-12","08:00","llama3-8b",0,1,0,1,0,0,0,1,0,0,0,0,0,0,1,0,1,0,0
"409","l3_8_top5_1212_08","2024-12-12","08:00","llama3-8b",0,1,0,1,0,0,0,1,0,0,0,0,0,0,1,0,1,0,0
"410","l3_8_top5_1212_08","2024-12-12","08:00","llama3-8b",0,1,0,1,0,0,0,1,0,0,0,0,0,0,1,0,1,0,0
"411","l3_8_top5_1212_16","2024-12-12","16:00","llama3-8b",0,1,0,1,0,0,0,1,0,0,0,0,0,0,1,0,1,0,0
"412","l3_8_top5_1212_16","2024-12-12","16:00","llama3-8b",0,1,0,1,0,0,0,1,0,0,0,0,0,0,1,0,1,0,0
"413","l3_8_top5_1212_16","2024-12-12","16:00","llama3-8b",0,1,0,1,0,0,0,1,0,0,0,0,0,0,1,0,1,0,0
"414","l3_8_top5_1212_16","2024-12-12","16:00","llama3-8b",0,1,0,1,0,0,0,1,0,0,0,0,0,0,1,0,1,0,0
"415","l3_8_top5_1212_16","2024-12-12","16:00","llama3-8b",0,1,0,1,0,0,0,1,0,0,0,0,0,0,1,0,1,0,0
"416","l3_8_top5_1213_00","2024-12-13","00:00","llama3-8b",0,1,0,1,0,0,0,1,0,0,0,0,0,0,1,0,1,0,0
"417","l3_8_top5_1213_00","2024-12-13","00:00","llama3-8b",0,1,0,1,0,0,0,1,0,0,0,0,0,0,1,0,1,0,0
"418","l3_8_top5_1213_00","2024-12-13","00:00","llama3-8b",0,1,0,1,0,0,0,1,0,0,0,0,0,0,1,0,1,0,0
"419","l3_8_top5_1213_00","2024-12-13","00:00","llama3-8b",0,1,0,1,0,0,0,1,0,0,0,0,0,0,1,0,1,0,0
"420","l3_8_top5_1213_00","2024-12-13","00:00","llama3-8b",0,1,0,1,0,0,0,1,0,0,0,0,0,0,1,0,1,0,0
"421","l3_8_top5_1213_08","2024-12-13","08:00","llama3-8b",0,1,0,1,0,0,0,1,0,0,0,0,0,0,1,0,1,0,0
"422","l3_8_top5_1213_08","2024-12-13","08:00","llama3-8b",0,1,0,1,0,0,0,1,0,0,0,0,0,0,1,0,1,0,0
"423","l3_8_top5_1213_08","2024-12-13","08:00","llama3-8b",0,1,0,1,0,0,0,1,0,0,0,0,0,0,1,0,1,0,0
"424","l3_8_top5_1213_08","2024-12-13","08:00","llama3-8b",0,1,0,1,0,0,0,1,0,0,0,0,0,0,1,0,1,0,0
"425","l3_8_top5_1213_08","2024-12-13","08:00","llama3-8b",0,1,0,1,0,0,0,1,0,0,0,0,0,0,1,0,1,0,0
"426","l3_8_top5_1213_16","2024-12-13","16:00","llama3-8b",0,1,0,1,0,0,0,1,0,0,0,0,0,0,1,0,1,0,0
"427","l3_8_top5_1213_16","2024-12-13","16:00","llama3-8b",0,1,0,1,0,0,0,1,0,0,0,0,0,0,1,0,1,0,0
"428","l3_8_top5_1213_16","2024-12-13","16:00","llama3-8b",0,1,0,1,0,0,0,1,0,0,0,0,0,0,1,0,1,0,0
"429","l3_8_top5_1213_16","2024-12-13","16:00","llama3-8b",0,1,0,1,0,0,0,1,0,0,0,0,0,0,1,0,1,0,0
"430","l3_8_top5_1213_16","2024-12-13","16:00","llama3-8b",0,1,0,1,0,0,0,1,0,0,0,0,0,0,1,0,1,0,0
"431","l3_8_top5_1214_00","2024-12-14","00:00","llama3-8b",0,1,0,1,0,0,0,1,0,0,0,0,0,0,1,0,1,0,0
"432","l3_8_top5_1214_00","2024-12-14","00:00","llama3-8b",0,1,0,1,0,0,0,1,0,0,0,0,0,0,1,0,1,0,0
"433","l3_8_top5_1214_00","2024-12-14","00:00","llama3-8b",0,1,0,1,0,0,0,1,0,0,0,0,0,0,1,0,1,0,0
"434","l3_8_top5_1214_00","2024-12-14","00:00","llama3-8b",0,1,0,1,0,0,0,1,0,0,0,0,0,0,1,0,1,0,0
"435","l3_8_top5_1214_00","2024-12-14","00:00","llama3-8b",0,1,0,1,0,0,0,1,0,0,0,0,0,0,1,0,1,0,0
"436","l3_8_top5_1214_08","2024-12-14","08:00","llama3-8b",0,1,0,1,0,0,0,1,0,0,0,0,0,0,1,0,1,0,0
"437","l3_8_top5_1214_08","2024-12-14","08:00","llama3-8b",0,1,0,1,0,0,0,1,0,0,0,0,0,0,1,0,1,0,0
"438","l3_8_top5_1214_08","2024-12-14","08:00","llama3-8b",0,1,0,1,0,0,0,1,0,0,0,0,0,0,1,0,1,0,0
"439","l3_8_top5_1214_08","2024-12-14","08:00","llama3-8b",0,1,0,1,0,0,0,1,0,0,0,0,0,0,1,0,1,0,0
"440","l3_8_top5_1214_08","2024-12-14","08:00","llama3-8b",0,1,0,1,0,0,0,1,0,0,0,0,0,0,1,0,1,0,0
"441","l3_8_top5_1214_16","2024-12-14","16:00","llama3-8b",0,1,0,1,0,0,0,1,0,0,0,0,0,0,1,0,1,0,0
"442","l3_8_top5_1214_16","2024-12-14","16:00","llama3-8b",0,1,0,1,0,0,0,1,0,0,0,0,0,0,1,0,1,0,0
"443","l3_8_top5_1214_16","2024-12-14","16:00","llama3-8b",0,1,0,1,0,0,0,1,0,0,0,0,0,0,1,0,1,0,0
"444","l3_8_top5_1214_16","2024-12-14","16:00","llama3-8b",0,1,0,1,0,0,0,1,0,0,0,0,0,0,1,0,1,0,0
"445","l3_8_top5_1214_16","2024-12-14","16:00","llama3-8b",0,1,0,1,0,0,0,1,0,0,0,0,0,0,1,0,1,0,0
"446","l3_8_top5_1215_00","2024-12-15","00:00","llama3-8b",0,1,0,1,0,0,0,1,0,0,0,0,0,0,1,0,1,0,0
"447","l3_8_top5_1215_00","2024-12-15","00:00","llama3-8b",0,1,0,1,0,0,0,1,0,0,0,0,0,0,1,0,1,0,0
"448","l3_8_top5_1215_00","2024-12-15","00:00","llama3-8b",0,1,0,1,0,0,0,1,0,0,0,0,0,0,1,0,1,0,0
"449","l3_8_top5_1215_00","2024-12-15","00:00","llama3-8b",0,1,0,1,0,0,0,1,0,0,0,0,0,0,1,0,1,0,0
"450","l3_8_top5_1215_00","2024-12-15","00:00","llama3-8b",0,1,0,1,0,0,0,1,0,0,0,0,0,0,1,0,1,0,0
"451","l3_8_top5_1215_08","2024-12-15","08:00","llama3-8b",0,1,0,1,0,0,0,1,0,0,0,0,0,0,1,0,1,0,0
"452","l3_8_top5_1215_08","2024-12-15","08:00","llama3-8b",0,1,0,1,0,0,0,1,0,0,0,0,0,0,1,0,1,0,0
"453","l3_8_top5_1215_08","2024-12-15","08:00","llama3-8b",0,1,0,1,0,0,0,1,0,0,0,0,0,0,1,0,1,0,0
"454","l3_8_top5_1215_08","2024-12-15","08:00","llama3-8b",0,1,0,1,0,0,0,1,0,0,0,0,0,0,1,0,1,0,0
"455","l3_8_top5_1215_08","2024-12-15","08:00","llama3-8b",0,1,0,1,0,0,0,1,0,0,0,0,0,0,1,0,1,0,0
"456","l3_8_top5_1215_16","2024-12-15","16:00","llama3-8b",0,1,0,1,0,0,0,1,0,0,0,0,0,0,1,0,1,0,0
"457","l3_8_top5_1215_16","2024-12-15","16:00","llama3-8b",0,1,0,1,0,0,0,1,0,0,0,0,0,0,1,0,1,0,0
"458","l3_8_top5_1215_16","2024-12-15","16:00","llama3-8b",0,1,0,1,0,0,0,1,0,0,0,0,0,0,1,0,1,0,0
"459","l3_8_top5_1215_16","2024-12-15","16:00","llama3-8b",0,1,0,1,0,0,0,1,0,0,0,0,0,0,1,0,1,0,0
"460","l3_8_top5_1215_16","2024-12-15","16:00","llama3-8b",0,1,0,1,0,0,0,1,0,0,0,0,0,0,1,0,1,0,0
"461","l31_70_top5_1210_08","2024-12-10","08:00","llama-3.1-70b",0,0,1,0,1,0,0,0,0,1,0,0,1,0,0,0,1,0,0
"462","l31_70_top5_1210_08","2024-12-10","08:00","llama-3.1-70b",0,0,1,0,1,0,0,0,0,1,0,0,1,0,0,0,1,0,0
"463","l31_70_top5_1210_08","2024-12-10","08:00","llama-3.1-70b",0,0,1,0,1,0,0,0,0,1,0,0,1,0,0,0,1,0,0
"464","l31_70_top5_1210_08","2024-12-10","08:00","llama-3.1-70b",0,0,1,0,1,0,0,0,0,1,0,0,1,0,0,0,1,0,0
"465","l31_70_top5_1210_08","2024-12-10","08:00","llama-3.1-70b",0,0,1,0,1,0,0,0,0,1,0,0,1,0,0,0,1,0,0
"466","l31_70_top5_1210_16","2024-12-10","16:00","llama-3.1-70b",0,0,1,0,1,0,0,0,0,1,0,0,1,0,0,0,1,0,0
"467","l31_70_top5_1210_16","2024-12-10","16:00","llama-3.1-70b",0,0,1,0,1,0,0,0,0,1,0,0,1,0,0,0,1,0,0
"468","l31_70_top5_1210_16","2024-12-10","16:00","llama-3.1-70b",0,0,1,0,1,0,0,0,0,1,0,0,1,0,0,0,1,0,0
"469","l31_70_top5_1210_16","2024-12-10","16:00","llama-3.1-70b",0,0,1,0,1,0,0,0,0,1,0,0,1,0,0,0,1,0,0
"470","l31_70_top5_1210_16","2024-12-10","16:00","llama-3.1-70b",0,0,1,0,1,0,0,0,0,1,0,0,1,0,0,0,1,0,0
"471","l31_70_top5_1211_16","2024-12-11","16:00","llama-3.1-70b",0,0,1,0,1,0,0,0,0,1,0,0,1,0,0,0,1,0,0
"472","l31_70_top5_1211_16","2024-12-11","16:00","llama-3.1-70b",0,0,1,0,1,0,0,0,0,1,0,0,1,0,0,0,1,0,0
"473","l31_70_top5_1211_16","2024-12-11","16:00","llama-3.1-70b",0,0,1,0,1,0,0,0,0,1,0,0,1,0,0,0,1,0,0
"474","l31_70_top5_1211_16","2024-12-11","16:00","llama-3.1-70b",0,0,1,0,1,0,0,0,0,1,0,0,1,0,0,0,1,0,0
"475","l31_70_top5_1211_16","2024-12-11","16:00","llama-3.1-70b",0,0,1,0,1,0,0,0,0,1,0,0,1,0,0,0,1,0,0
"476","l31_70_top5_1214_08","2024-12-14","08:00","llama-3.1-70b",0,0,1,0,1,0,0,0,0,1,0,0,1,0,0,0,1,0,0
"477","l31_70_top5_1214_08","2024-12-14","08:00","llama-3.1-70b",0,0,1,0,1,0,0,0,0,1,0,0,1,0,0,0,1,0,0
"478","l31_70_top5_1214_08","2024-12-14","08:00","llama-3.1-70b",0,0,1,0,1,0,0,0,0,1,0,0,1,0,0,0,1,0,0
"479","l31_70_top5_1214_08","2024-12-14","08:00","llama-3.1-70b",0,0,1,0,1,0,0,0,0,1,0,0,1,0,0,0,1,0,0
"480","l31_70_top5_1214_08","2024-12-14","08:00","llama-3.1-70b",0,0,1,0,1,0,0,0,0,1,0,0,1,0,0,0,1,0,0
"481","l31_70_top5_1215_00","2024-12-15","00:00","llama-3.1-70b",0,0,1,0,1,0,0,0,0,1,0,0,1,0,0,0,1,0,0
"482","l31_70_top5_1215_00","2024-12-15","00:00","llama-3.1-70b",0,0,1,0,1,0,0,0,0,1,0,0,1,0,0,0,1,0,0
"483","l31_70_top5_1215_00","2024-12-15","00:00","llama-3.1-70b",0,0,1,0,1,0,0,0,0,1,0,0,1,0,0,0,1,0,0
"484","l31_70_top5_1215_00","2024-12-15","00:00","llama-3.1-70b",0,0,1,0,1,0,0,0,0,1,0,0,1,0,0,0,1,0,0
"485","l31_70_top5_1215_00","2024-12-15","00:00","llama-3.1-70b",0,0,1,0,1,0,0,0,0,1,0,0,1,0,0,0,1,0,0
"486","l31_70_top5_1215_16","2024-12-15","16:00","llama-3.1-70b",0,0,1,0,1,0,0,0,0,1,0,0,1,0,0,0,1,0,0
"487","l31_70_top5_1215_16","2024-12-15","16:00","llama-3.1-70b",0,0,1,0,1,0,0,0,0,1,0,0,1,0,0,0,1,0,0
"488","l31_70_top5_1215_16","2024-12-15","16:00","llama-3.1-70b",0,0,1,0,1,0,0,0,0,1,0,0,1,0,0,0,1,0,0
"489","l31_70_top5_1215_16","2024-12-15","16:00","llama-3.1-70b",0,0,1,0,1,0,0,0,0,1,0,0,1,0,0,0,1,0,0
"490","l31_70_top5_1215_16","2024-12-15","16:00","llama-3.1-70b",0,0,1,0,1,0,0,0,0,1,0,0,1,0,0,0,1,0,0
"491","l3_70_top5_1209_00","2024-12-09","00:00","llama3-70b",0,0,0,0,0,1,0,0,0,1,0,0,0,1,0,1,0,1,0
"492","l3_70_top5_1209_00","2024-12-09","00:00","llama3-70b",0,0,0,0,0,1,0,0,0,1,0,0,0,1,0,1,0,1,0
"493","l3_70_top5_1209_00","2024-12-09","00:00","llama3-70b",0,0,0,0,0,1,0,0,0,1,0,0,0,1,0,1,0,1,0
"494","l3_70_top5_1209_00","2024-12-09","00:00","llama3-70b",0,0,0,0,0,1,0,0,0,1,0,0,0,1,0,1,0,1,0
"495","l3_70_top5_1209_00","2024-12-09","00:00","llama3-70b",0,0,0,0,0,1,0,0,0,1,0,0,0,1,0,1,0,1,0
"496","l3_70_top5_1209_08","2024-12-09","08:00","llama3-70b",0,0,0,0,0,1,0,0,0,1,0,0,1,0,0,1,0,1,0
"497","l3_70_top5_1209_08","2024-12-09","08:00","llama3-70b",0,0,0,0,0,1,0,0,0,1,0,0,1,0,0,1,0,1,0
"498","l3_70_top5_1209_08","2024-12-09","08:00","llama3-70b",0,0,0,0,0,1,0,0,0,1,0,0,1,0,0,1,0,1,0
"499","l3_70_top5_1209_08","2024-12-09","08:00","llama3-70b",0,0,0,0,0,1,0,0,0,1,0,0,1,0,0,1,0,1,0
"500","l3_70_top5_1209_08","2024-12-09","08:00","llama3-70b",0,0,0,0,0,1,0,0,0,1,0,0,1,0,0,1,0,1,0
"501","l3_70_top5_1209_16","2024-12-09","16:00","llama3-70b",0,0,0,0,0,1,0,0,0,1,0,0,0,1,0,1,0,1,0
"502","l3_70_top5_1209_16","2024-12-09","16:00","llama3-70b",0,0,0,0,0,1,0,0,0,1,0,0,0,1,0,1,0,1,0
"503","l3_70_top5_1209_16","2024-12-09","16:00","llama3-70b",0,0,0,0,0,1,0,0,0,1,0,0,0,1,0,1,0,1,0
"504","l3_70_top5_1209_16","2024-12-09","16:00","llama3-70b",0,0,0,0,0,1,0,0,0,1,0,0,0,1,0,1,0,1,0
"505","l3_70_top5_1209_16","2024-12-09","16:00","llama3-70b",0,0,0,0,0,1,0,0,0,1,0,0,0,1,0,1,0,1,0
"506","l3_70_top5_1210_00","2024-12-10","00:00","llama3-70b",0,0,0,0,0,1,0,0,0,1,0,0,0,1,0,1,0,1,0
"507","l3_70_top5_1210_00","2024-12-10","00:00","llama3-70b",0,0,0,0,0,1,0,0,0,1,0,0,0,1,0,1,0,1,0
"508","l3_70_top5_1210_00","2024-12-10","00:00","llama3-70b",0,0,0,0,0,1,0,0,0,1,0,0,0,1,0,1,0,1,0
"509","l3_70_top5_1210_00","2024-12-10","00:00","llama3-70b",0,0,0,0,0,1,0,0,0,1,0,0,0,1,0,1,0,1,0
"510","l3_70_top5_1210_00","2024-12-10","00:00","llama3-70b",0,0,0,0,0,1,0,0,0,1,0,0,0,1,0,1,0,1,0
"511","l3_70_top5_1210_08","2024-12-10","08:00","llama3-70b",0,0,0,0,0,1,0,0,0,1,0,0,0,1,0,1,0,1,0
"512","l3_70_top5_1210_08","2024-12-10","08:00","llama3-70b",0,0,0,0,0,1,0,0,0,1,0,0,0,1,0,1,0,1,0
"513","l3_70_top5_1210_08","2024-12-10","08:00","llama3-70b",0,0,0,0,0,1,0,0,0,1,0,0,0,1,0,1,0,1,0
"514","l3_70_top5_1210_08","2024-12-10","08:00","llama3-70b",0,0,0,0,0,1,0,0,0,1,0,0,0,1,0,1,0,1,0
"515","l3_70_top5_1210_08","2024-12-10","08:00","llama3-70b",0,0,0,0,0,1,0,0,0,1,0,0,0,1,0,1,0,1,0
"516","l3_70_top5_1210_16","2024-12-10","16:00","llama3-70b",0,0,0,0,0,1,0,0,0,1,0,0,0,1,0,1,0,1,0
"517","l3_70_top5_1210_16","2024-12-10","16:00","llama3-70b",0,0,0,0,0,1,0,0,0,1,0,0,0,1,0,1,0,1,0
"518","l3_70_top5_1210_16","2024-12-10","16:00","llama3-70b",0,0,0,0,0,1,0,0,0,1,0,0,0,1,0,1,0,1,0
"519","l3_70_top5_1210_16","2024-12-10","16:00","llama3-70b",0,0,0,0,0,1,0,0,0,1,0,0,0,1,0,1,0,1,0
"520","l3_70_top5_1210_16","2024-12-10","16:00","llama3-70b",0,0,0,0,0,1,0,0,0,1,0,0,0,1,0,1,0,1,0
"521","l3_70_top5_1211_00","2024-12-11","00:00","llama3-70b",0,0,0,0,0,1,0,0,0,1,0,0,1,0,0,1,0,1,0
"522","l3_70_top5_1211_00","2024-12-11","00:00","llama3-70b",0,0,0,0,0,1,0,0,0,1,0,0,1,0,0,1,0,1,0
"523","l3_70_top5_1211_00","2024-12-11","00:00","llama3-70b",0,0,0,0,0,1,0,0,0,1,0,0,1,0,0,1,0,1,0
"524","l3_70_top5_1211_00","2024-12-11","00:00","llama3-70b",0,0,0,0,0,1,0,0,0,1,0,0,1,0,0,1,0,1,0
"525","l3_70_top5_1211_00","2024-12-11","00:00","llama3-70b",0,0,0,0,0,1,0,0,0,1,0,0,1,0,0,1,0,1,0
"526","l3_70_top5_1211_08","2024-12-11","08:00","llama3-70b",0,0,0,0,0,1,0,0,0,1,0,0,0,1,0,1,0,1,0
"527","l3_70_top5_1211_08","2024-12-11","08:00","llama3-70b",0,0,0,0,0,1,0,0,0,1,0,0,0,1,0,1,0,1,0
"528","l3_70_top5_1211_08","2024-12-11","08:00","llama3-70b",0,0,0,0,0,1,0,0,0,1,0,0,0,1,0,1,0,1,0
"529","l3_70_top5_1211_08","2024-12-11","08:00","llama3-70b",0,0,0,0,0,1,0,0,0,1,0,0,0,1,0,1,0,1,0
"530","l3_70_top5_1211_08","2024-12-11","08:00","llama3-70b",0,0,0,0,0,1,0,0,0,1,0,0,0,1,0,1,0,1,0
"531","l3_70_top5_1211_16","2024-12-11","16:00","llama3-70b",0,0,0,0,0,1,0,0,0,1,0,0,0,1,0,1,0,1,0
"532","l3_70_top5_1211_16","2024-12-11","16:00","llama3-70b",0,0,0,0,0,1,0,0,0,1,0,0,0,1,0,1,0,1,0
"533","l3_70_top5_1211_16","2024-12-11","16:00","llama3-70b",0,0,0,0,0,1,0,0,0,1,0,0,0,1,0,1,0,1,0
"534","l3_70_top5_1211_16","2024-12-11","16:00","llama3-70b",0,0,0,0,0,1,0,0,0,1,0,0,0,1,0,1,0,1,0
"535","l3_70_top5_1211_16","2024-12-11","16:00","llama3-70b",0,0,0,0,0,1,0,0,0,1,0,0,0,1,0,1,0,1,0
"536","l3_70_top5_1212_00","2024-12-12","00:00","llama3-70b",0,0,0,0,0,1,0,0,0,1,0,0,0,1,0,1,0,1,0
"537","l3_70_top5_1212_00","2024-12-12","00:00","llama3-70b",0,0,0,0,0,1,0,0,0,1,0,0,0,1,0,1,0,1,0
"538","l3_70_top5_1212_00","2024-12-12","00:00","llama3-70b",0,0,0,0,0,1,0,0,0,1,0,0,0,1,0,1,0,1,0
"539","l3_70_top5_1212_00","2024-12-12","00:00","llama3-70b",0,0,0,0,0,1,0,0,0,1,0,0,0,1,0,1,0,1,0
"540","l3_70_top5_1212_00","2024-12-12","00:00","llama3-70b",0,0,0,0,0,1,0,0,0,1,0,0,0,1,0,1,0,1,0
"541","l3_70_top5_1212_08","2024-12-12","08:00","llama3-70b",0,0,0,0,0,1,0,0,0,1,0,0,0,1,0,1,0,1,0
"542","l3_70_top5_1212_08","2024-12-12","08:00","llama3-70b",0,0,0,0,0,1,0,0,0,1,0,0,0,1,0,1,0,1,0
"543","l3_70_top5_1212_08","2024-12-12","08:00","llama3-70b",0,0,0,0,0,1,0,0,0,1,0,0,0,1,0,1,0,1,0
"544","l3_70_top5_1212_08","2024-12-12","08:00","llama3-70b",0,0,0,0,0,1,0,0,0,1,0,0,0,1,0,1,0,1,0
"545","l3_70_top5_1212_08","2024-12-12","08:00","llama3-70b",0,0,0,0,0,1,0,0,0,1,0,0,0,1,0,1,0,1,0
"546","l3_70_top5_1212_16","2024-12-12","16:00","llama3-70b",0,0,0,0,0,1,0,0,0,1,0,0,1,0,0,1,0,1,0
"547","l3_70_top5_1212_16","2024-12-12","16:00","llama3-70b",0,0,0,0,0,1,0,0,0,1,0,0,1,0,0,1,0,1,0
"548","l3_70_top5_1212_16","2024-12-12","16:00","llama3-70b",0,0,0,0,0,1,0,0,0,1,0,0,1,0,0,1,0,1,0
"549","l3_70_top5_1212_16","2024-12-12","16:00","llama3-70b",0,0,0,0,0,1,0,0,0,1,0,0,1,0,0,1,0,1,0
"550","l3_70_top5_1212_16","2024-12-12","16:00","llama3-70b",0,0,0,0,0,1,0,0,0,1,0,0,1,0,0,1,0,1,0
"551","l3_70_top5_1213_00","2024-12-13","00:00","llama3-70b",0,0,0,0,0,1,0,0,0,1,0,0,0,1,0,1,0,1,0
"552","l3_70_top5_1213_00","2024-12-13","00:00","llama3-70b",0,0,0,0,0,1,0,0,0,1,0,0,0,1,0,1,0,1,0
"553","l3_70_top5_1213_00","2024-12-13","00:00","llama3-70b",0,0,0,0,0,1,0,0,0,1,0,0,0,1,0,1,0,1,0
"554","l3_70_top5_1213_00","2024-12-13","00:00","llama3-70b",0,0,0,0,0,1,0,0,0,1,0,0,0,1,0,1,0,1,0
"555","l3_70_top5_1213_00","2024-12-13","00:00","llama3-70b",0,0,0,0,0,1,0,0,0,1,0,0,0,1,0,1,0,1,0
"556","l3_70_top5_1213_08","2024-12-13","08:00","llama3-70b",0,0,0,0,0,1,0,0,0,1,0,0,0,1,0,1,0,1,0
"557","l3_70_top5_1213_08","2024-12-13","08:00","llama3-70b",0,0,0,0,0,1,0,0,0,1,0,0,0,1,0,1,0,1,0
"558","l3_70_top5_1213_08","2024-12-13","08:00","llama3-70b",0,0,0,0,0,1,0,0,0,1,0,0,0,1,0,1,0,1,0
"559","l3_70_top5_1213_08","2024-12-13","08:00","llama3-70b",0,0,0,0,0,1,0,0,0,1,0,0,0,1,0,1,0,1,0
"560","l3_70_top5_1213_08","2024-12-13","08:00","llama3-70b",0,0,0,0,0,1,0,0,0,1,0,0,0,1,0,1,0,1,0
"561","l3_70_top5_1213_16","2024-12-13","16:00","llama3-70b",0,0,0,0,0,1,0,0,0,1,0,0,0,1,0,1,0,1,0
"562","l3_70_top5_1213_16","2024-12-13","16:00","llama3-70b",0,0,0,0,0,1,0,0,0,1,0,0,0,1,0,1,0,1,0
"563","l3_70_top5_1213_16","2024-12-13","16:00","llama3-70b",0,0,0,0,0,1,0,0,0,1,0,0,0,1,0,1,0,1,0
"564","l3_70_top5_1213_16","2024-12-13","16:00","llama3-70b",0,0,0,0,0,1,0,0,0,1,0,0,0,1,0,1,0,1,0
"565","l3_70_top5_1213_16","2024-12-13","16:00","llama3-70b",0,0,0,0,0,1,0,0,0,1,0,0,0,1,0,1,0,1,0
"566","l3_70_top5_1214_00","2024-12-14","00:00","llama3-70b",0,0,0,0,0,1,0,0,0,1,0,0,0,1,0,1,0,1,0
"567","l3_70_top5_1214_00","2024-12-14","00:00","llama3-70b",0,0,0,0,0,1,0,0,0,1,0,0,0,1,0,1,0,1,0
"568","l3_70_top5_1214_00","2024-12-14","00:00","llama3-70b",0,0,0,0,0,1,0,0,0,1,0,0,0,1,0,1,0,1,0
"569","l3_70_top5_1214_00","2024-12-14","00:00","llama3-70b",0,0,0,0,0,1,0,0,0,1,0,0,0,1,0,1,0,1,0
"570","l3_70_top5_1214_00","2024-12-14","00:00","llama3-70b",0,0,0,0,0,1,0,0,0,1,0,0,0,1,0,1,0,1,0
"571","l3_70_top5_1214_16","2024-12-14","16:00","llama3-70b",0,0,0,0,0,1,0,0,0,1,0,0,0,1,0,1,0,1,0
"572","l3_70_top5_1214_16","2024-12-14","16:00","llama3-70b",0,0,0,0,0,1,0,0,0,1,0,0,0,1,0,1,0,1,0
"573","l3_70_top5_1214_16","2024-12-14","16:00","llama3-70b",0,0,0,0,0,1,0,0,0,1,0,0,0,1,0,1,0,1,0
"574","l3_70_top5_1214_16","2024-12-14","16:00","llama3-70b",0,0,0,0,0,1,0,0,0,1,0,0,0,1,0,1,0,1,0
"575","l3_70_top5_1214_16","2024-12-14","16:00","llama3-70b",0,0,0,0,0,1,0,0,0,1,0,0,0,1,0,1,0,1,0
"576","l3_70_top5_1215_00","2024-12-15","00:00","llama3-70b",0,0,0,0,0,1,0,0,0,1,0,0,0,1,0,1,0,1,0
"577","l3_70_top5_1215_00","2024-12-15","00:00","llama3-70b",0,0,0,0,0,1,0,0,0,1,0,0,0,1,0,1,0,1,0
"578","l3_70_top5_1215_00","2024-12-15","00:00","llama3-70b",0,0,0,0,0,1,0,0,0,1,0,0,0,1,0,1,0,1,0
"579","l3_70_top5_1215_00","2024-12-15","00:00","llama3-70b",0,0,0,0,0,1,0,0,0,1,0,0,0,1,0,1,0,1,0
"580","l3_70_top5_1215_00","2024-12-15","00:00","llama3-70b",0,0,0,0,0,1,0,0,0,1,0,0,0,1,0,1,0,1,0
"581","l3_70_top5_1215_08","2024-12-15","08:00","llama3-70b",0,0,0,0,0,1,0,0,0,1,0,0,1,0,0,1,0,1,0
"582","l3_70_top5_1215_08","2024-12-15","08:00","llama3-70b",0,0,0,0,0,1,0,0,0,1,0,0,1,0,0,1,0,1,0
"583","l3_70_top5_1215_08","2024-12-15","08:00","llama3-70b",0,0,0,0,0,1,0,0,0,1,0,0,1,0,0,1,0,1,0
"584","l3_70_top5_1215_08","2024-12-15","08:00","llama3-70b",0,0,0,0,0,1,0,0,0,1,0,0,1,0,0,1,0,1,0
"585","l3_70_top5_1215_08","2024-12-15","08:00","llama3-70b",0,0,0,0,0,1,0,0,0,1,0,0,1,0,0,1,0,1,0
"586","l3_70_top5_1215_16","2024-12-15","16:00","llama3-70b",0,0,0,0,0,1,0,0,0,1,0,0,1,0,0,1,0,1,0
"587","l3_70_top5_1215_16","2024-12-15","16:00","llama3-70b",0,0,0,0,0,1,0,0,0,1,0,0,1,0,0,1,0,1,0
"588","l3_70_top5_1215_16","2024-12-15","16:00","llama3-70b",0,0,0,0,0,1,0,0,0,1,0,0,1,0,0,1,0,1,0
"589","l3_70_top5_1215_16","2024-12-15","16:00","llama3-70b",0,0,0,0,0,1,0,0,0,1,0,0,1,0,0,1,0,1,0
"590","l3_70_top5_1215_16","2024-12-15","16:00","llama3-70b",0,0,0,0,0,1,0,0,0,1,0,0,1,0,0,1,0,1,0
"591","l3_70_top5_1214_08","2024-12-14","08:00","llama3-70b",0,0,0,0,0,0,1,0,0,1,0,0,0,1,0,1,0,1,0
"592","l3_70_top5_1214_08","2024-12-14","08:00","llama3-70b",0,0,0,0,0,0,1,0,0,1,0,0,0,1,0,1,0,1,0
"593","l3_70_top5_1214_08","2024-12-14","08:00","llama3-70b",0,0,0,0,0,0,1,0,0,1,0,0,0,1,0,1,0,1,0
"594","l3_70_top5_1214_08","2024-12-14","08:00","llama3-70b",0,0,0,0,0,0,1,0,0,1,0,0,0,1,0,1,0,1,0
"595","l3_70_top5_1214_08","2024-12-14","08:00","llama3-70b",0,0,0,0,0,0,1,0,0,1,0,0,0,1,0,1,0,1,0
