"","run_id","date","time","model","5000901651","5001536933","5032512426","5037710835","5043632498","5046315734","5061242206","5066175077","5071105677","5091196459","5103436661","5109805546","5110436352","5111557554","NA"
"1","l31_70_top5_1209_00","2024-12-09","00:00","llama-3.1-70b",1,0,0,1,0,0,0,1,0,1,0,1,0,0,0
"2","l31_70_top5_1209_00","2024-12-09","00:00","llama-3.1-70b",1,0,0,1,0,0,0,1,0,1,0,1,0,0,0
"3","l31_70_top5_1209_00","2024-12-09","00:00","llama-3.1-70b",1,0,0,1,0,0,0,1,0,1,0,1,0,0,0
"4","l31_70_top5_1209_00","2024-12-09","00:00","llama-3.1-70b",1,0,0,1,0,0,0,1,0,1,0,1,0,0,0
"5","l31_70_top5_1209_00","2024-12-09","00:00","llama-3.1-70b",1,0,0,1,0,0,0,1,0,1,0,1,0,0,0
"6","l31_70_top5_1209_08","2024-12-09","08:00","llama-3.1-70b",1,0,0,1,0,0,0,1,0,1,0,1,0,0,0
"7","l31_70_top5_1209_08","2024-12-09","08:00","llama-3.1-70b",1,0,0,1,0,0,0,1,0,1,0,1,0,0,0
"8","l31_70_top5_1209_08","2024-12-09","08:00","llama-3.1-70b",1,0,0,1,0,0,0,1,0,1,0,1,0,0,0
"9","l31_70_top5_1209_08","2024-12-09","08:00","llama-3.1-70b",1,0,0,1,0,0,0,1,0,1,0,1,0,0,0
"10","l31_70_top5_1209_08","2024-12-09","08:00","llama-3.1-70b",1,0,0,1,0,0,0,1,0,1,0,1,0,0,0
"11","l31_70_top5_1209_16","2024-12-09","16:00","llama-3.1-70b",1,0,0,1,0,0,0,1,0,1,0,1,0,0,0
"12","l31_70_top5_1209_16","2024-12-09","16:00","llama-3.1-70b",1,0,0,1,0,0,0,1,0,1,0,1,0,0,0
"13","l31_70_top5_1209_16","2024-12-09","16:00","llama-3.1-70b",1,0,0,1,0,0,0,1,0,1,0,1,0,0,0
"14","l31_70_top5_1209_16","2024-12-09","16:00","llama-3.1-70b",1,0,0,1,0,0,0,1,0,1,0,1,0,0,0
"15","l31_70_top5_1209_16","2024-12-09","16:00","llama-3.1-70b",1,0,0,1,0,0,0,1,0,1,0,1,0,0,0
"16","l31_70_top5_1210_00","2024-12-10","00:00","llama-3.1-70b",1,0,0,1,0,0,0,1,0,1,0,1,0,0,0
"17","l31_70_top5_1210_00","2024-12-10","00:00","llama-3.1-70b",1,0,0,1,0,0,0,1,0,1,0,1,0,0,0
"18","l31_70_top5_1210_00","2024-12-10","00:00","llama-3.1-70b",1,0,0,1,0,0,0,1,0,1,0,1,0,0,0
"19","l31_70_top5_1210_00","2024-12-10","00:00","llama-3.1-70b",1,0,0,1,0,0,0,1,0,1,0,1,0,0,0
"20","l31_70_top5_1210_00","2024-12-10","00:00","llama-3.1-70b",1,0,0,1,0,0,0,1,0,1,0,1,0,0,0
"21","l31_70_top5_1210_08","2024-12-10","08:00","llama-3.1-70b",1,1,0,1,0,0,0,1,0,1,0,0,0,0,0
"22","l31_70_top5_1210_08","2024-12-10","08:00","llama-3.1-70b",1,1,0,1,0,0,0,1,0,1,0,0,0,0,0
"23","l31_70_top5_1210_08","2024-12-10","08:00","llama-3.1-70b",1,1,0,1,0,0,0,1,0,1,0,0,0,0,0
"24","l31_70_top5_1210_08","2024-12-10","08:00","llama-3.1-70b",1,1,0,1,0,0,0,1,0,1,0,0,0,0,0
"25","l31_70_top5_1210_08","2024-12-10","08:00","llama-3.1-70b",1,1,0,1,0,0,0,1,0,1,0,0,0,0,0
"26","l31_70_top5_1210_16","2024-12-10","16:00","llama-3.1-70b",1,1,0,1,0,0,0,1,0,1,0,0,0,0,0
"27","l31_70_top5_1210_16","2024-12-10","16:00","llama-3.1-70b",1,1,0,1,0,0,0,1,0,1,0,0,0,0,0
"28","l31_70_top5_1210_16","2024-12-10","16:00","llama-3.1-70b",1,1,0,1,0,0,0,1,0,1,0,0,0,0,0
"29","l31_70_top5_1210_16","2024-12-10","16:00","llama-3.1-70b",1,1,0,1,0,0,0,1,0,1,0,0,0,0,0
"30","l31_70_top5_1210_16","2024-12-10","16:00","llama-3.1-70b",1,1,0,1,0,0,0,1,0,1,0,0,0,0,0
"31","l31_70_top5_1211_00","2024-12-11","00:00","llama-3.1-70b",1,0,0,1,0,0,0,1,0,1,0,1,0,0,0
"32","l31_70_top5_1211_00","2024-12-11","00:00","llama-3.1-70b",1,0,0,1,0,0,0,1,0,1,0,1,0,0,0
"33","l31_70_top5_1211_00","2024-12-11","00:00","llama-3.1-70b",1,0,0,1,0,0,0,1,0,1,0,1,0,0,0
"34","l31_70_top5_1211_00","2024-12-11","00:00","llama-3.1-70b",1,0,0,1,0,0,0,1,0,1,0,1,0,0,0
"35","l31_70_top5_1211_00","2024-12-11","00:00","llama-3.1-70b",1,0,0,1,0,0,0,1,0,1,0,1,0,0,0
"36","l31_70_top5_1211_08","2024-12-11","08:00","llama-3.1-70b",1,0,0,1,0,0,0,1,0,1,0,1,0,0,0
"37","l31_70_top5_1211_08","2024-12-11","08:00","llama-3.1-70b",1,0,0,1,0,0,0,1,0,1,0,1,0,0,0
"38","l31_70_top5_1211_08","2024-12-11","08:00","llama-3.1-70b",1,0,0,1,0,0,0,1,0,1,0,1,0,0,0
"39","l31_70_top5_1211_08","2024-12-11","08:00","llama-3.1-70b",1,0,0,1,0,0,0,1,0,1,0,1,0,0,0
"40","l31_70_top5_1211_08","2024-12-11","08:00","llama-3.1-70b",1,0,0,1,0,0,0,1,0,1,0,1,0,0,0
"41","l31_70_top5_1211_16","2024-12-11","16:00","llama-3.1-70b",1,1,0,1,0,0,0,1,0,1,0,0,0,0,0
"42","l31_70_top5_1211_16","2024-12-11","16:00","llama-3.1-70b",1,1,0,1,0,0,0,1,0,1,0,0,0,0,0
"43","l31_70_top5_1211_16","2024-12-11","16:00","llama-3.1-70b",1,1,0,1,0,0,0,1,0,1,0,0,0,0,0
"44","l31_70_top5_1211_16","2024-12-11","16:00","llama-3.1-70b",1,1,0,1,0,0,0,1,0,1,0,0,0,0,0
"45","l31_70_top5_1211_16","2024-12-11","16:00","llama-3.1-70b",1,1,0,1,0,0,0,1,0,1,0,0,0,0,0
"46","l31_70_top5_1212_00","2024-12-12","00:00","llama-3.1-70b",1,0,0,1,0,0,0,1,0,1,0,1,0,0,0
"47","l31_70_top5_1212_00","2024-12-12","00:00","llama-3.1-70b",1,0,0,1,0,0,0,1,0,1,0,1,0,0,0
"48","l31_70_top5_1212_00","2024-12-12","00:00","llama-3.1-70b",1,0,0,1,0,0,0,1,0,1,0,1,0,0,0
"49","l31_70_top5_1212_00","2024-12-12","00:00","llama-3.1-70b",1,0,0,1,0,0,0,1,0,1,0,1,0,0,0
"50","l31_70_top5_1212_00","2024-12-12","00:00","llama-3.1-70b",1,0,0,1,0,0,0,1,0,1,0,1,0,0,0
"51","l31_70_top5_1212_08","2024-12-12","08:00","llama-3.1-70b",1,0,0,1,0,0,0,1,0,1,0,1,0,0,0
"52","l31_70_top5_1212_08","2024-12-12","08:00","llama-3.1-70b",1,0,0,1,0,0,0,1,0,1,0,1,0,0,0
"53","l31_70_top5_1212_08","2024-12-12","08:00","llama-3.1-70b",1,0,0,1,0,0,0,1,0,1,0,1,0,0,0
"54","l31_70_top5_1212_08","2024-12-12","08:00","llama-3.1-70b",1,0,0,1,0,0,0,1,0,1,0,1,0,0,0
"55","l31_70_top5_1212_08","2024-12-12","08:00","llama-3.1-70b",1,0,0,1,0,0,0,1,0,1,0,1,0,0,0
"56","l31_70_top5_1212_16","2024-12-12","16:00","llama-3.1-70b",1,0,0,1,0,0,0,1,0,1,0,1,0,0,0
"57","l31_70_top5_1212_16","2024-12-12","16:00","llama-3.1-70b",1,0,0,1,0,0,0,1,0,1,0,1,0,0,0
"58","l31_70_top5_1212_16","2024-12-12","16:00","llama-3.1-70b",1,0,0,1,0,0,0,1,0,1,0,1,0,0,0
"59","l31_70_top5_1212_16","2024-12-12","16:00","llama-3.1-70b",1,0,0,1,0,0,0,1,0,1,0,1,0,0,0
"60","l31_70_top5_1212_16","2024-12-12","16:00","llama-3.1-70b",1,0,0,1,0,0,0,1,0,1,0,1,0,0,0
"61","l31_70_top5_1213_00","2024-12-13","00:00","llama-3.1-70b",1,0,0,1,0,0,0,1,0,1,0,1,0,0,0
"62","l31_70_top5_1213_00","2024-12-13","00:00","llama-3.1-70b",1,0,0,1,0,0,0,1,0,1,0,1,0,0,0
"63","l31_70_top5_1213_00","2024-12-13","00:00","llama-3.1-70b",1,0,0,1,0,0,0,1,0,1,0,1,0,0,0
"64","l31_70_top5_1213_00","2024-12-13","00:00","llama-3.1-70b",1,0,0,1,0,0,0,1,0,1,0,1,0,0,0
"65","l31_70_top5_1213_00","2024-12-13","00:00","llama-3.1-70b",1,0,0,1,0,0,0,1,0,1,0,1,0,0,0
"66","l31_70_top5_1213_08","2024-12-13","08:00","llama-3.1-70b",1,0,0,1,0,0,0,1,0,1,0,1,0,0,0
"67","l31_70_top5_1213_08","2024-12-13","08:00","llama-3.1-70b",1,0,0,1,0,0,0,1,0,1,0,1,0,0,0
"68","l31_70_top5_1213_08","2024-12-13","08:00","llama-3.1-70b",1,0,0,1,0,0,0,1,0,1,0,1,0,0,0
"69","l31_70_top5_1213_08","2024-12-13","08:00","llama-3.1-70b",1,0,0,1,0,0,0,1,0,1,0,1,0,0,0
"70","l31_70_top5_1213_08","2024-12-13","08:00","llama-3.1-70b",1,0,0,1,0,0,0,1,0,1,0,1,0,0,0
"71","l31_70_top5_1213_16","2024-12-13","16:00","llama-3.1-70b",1,0,0,1,0,0,0,1,0,1,0,1,0,0,0
"72","l31_70_top5_1213_16","2024-12-13","16:00","llama-3.1-70b",1,0,0,1,0,0,0,1,0,1,0,1,0,0,0
"73","l31_70_top5_1213_16","2024-12-13","16:00","llama-3.1-70b",1,0,0,1,0,0,0,1,0,1,0,1,0,0,0
"74","l31_70_top5_1213_16","2024-12-13","16:00","llama-3.1-70b",1,0,0,1,0,0,0,1,0,1,0,1,0,0,0
"75","l31_70_top5_1213_16","2024-12-13","16:00","llama-3.1-70b",1,0,0,1,0,0,0,1,0,1,0,1,0,0,0
"76","l31_70_top5_1214_00","2024-12-14","00:00","llama-3.1-70b",1,0,0,1,0,0,0,1,0,1,0,1,0,0,0
"77","l31_70_top5_1214_00","2024-12-14","00:00","llama-3.1-70b",1,0,0,1,0,0,0,1,0,1,0,1,0,0,0
"78","l31_70_top5_1214_00","2024-12-14","00:00","llama-3.1-70b",1,0,0,1,0,0,0,1,0,1,0,1,0,0,0
"79","l31_70_top5_1214_00","2024-12-14","00:00","llama-3.1-70b",1,0,0,1,0,0,0,1,0,1,0,1,0,0,0
"80","l31_70_top5_1214_00","2024-12-14","00:00","llama-3.1-70b",1,0,0,1,0,0,0,1,0,1,0,1,0,0,0
"81","l31_70_top5_1214_08","2024-12-14","08:00","llama-3.1-70b",1,1,0,1,0,0,0,1,0,1,0,0,0,0,0
"82","l31_70_top5_1214_08","2024-12-14","08:00","llama-3.1-70b",1,1,0,1,0,0,0,1,0,1,0,0,0,0,0
"83","l31_70_top5_1214_08","2024-12-14","08:00","llama-3.1-70b",1,1,0,1,0,0,0,1,0,1,0,0,0,0,0
"84","l31_70_top5_1214_08","2024-12-14","08:00","llama-3.1-70b",1,1,0,1,0,0,0,1,0,1,0,0,0,0,0
"85","l31_70_top5_1214_08","2024-12-14","08:00","llama-3.1-70b",1,1,0,1,0,0,0,1,0,1,0,0,0,0,0
"86","l31_70_top5_1214_16","2024-12-14","16:00","llama-3.1-70b",1,0,0,1,0,0,0,1,0,1,0,1,0,0,0
"87","l31_70_top5_1214_16","2024-12-14","16:00","llama-3.1-70b",1,0,0,1,0,0,0,1,0,1,0,1,0,0,0
"88","l31_70_top5_1214_16","2024-12-14","16:00","llama-3.1-70b",1,0,0,1,0,0,0,1,0,1,0,1,0,0,0
"89","l31_70_top5_1214_16","2024-12-14","16:00","llama-3.1-70b",1,0,0,1,0,0,0,1,0,1,0,1,0,0,0
"90","l31_70_top5_1214_16","2024-12-14","16:00","llama-3.1-70b",1,0,0,1,0,0,0,1,0,1,0,1,0,0,0
"91","l31_70_top5_1215_00","2024-12-15","00:00","llama-3.1-70b",1,1,0,1,0,0,0,1,0,1,0,0,0,0,0
"92","l31_70_top5_1215_00","2024-12-15","00:00","llama-3.1-70b",1,1,0,1,0,0,0,1,0,1,0,0,0,0,0
"93","l31_70_top5_1215_00","2024-12-15","00:00","llama-3.1-70b",1,1,0,1,0,0,0,1,0,1,0,0,0,0,0
"94","l31_70_top5_1215_00","2024-12-15","00:00","llama-3.1-70b",1,1,0,1,0,0,0,1,0,1,0,0,0,0,0
"95","l31_70_top5_1215_00","2024-12-15","00:00","llama-3.1-70b",1,1,0,1,0,0,0,1,0,1,0,0,0,0,0
"96","l31_70_top5_1215_08","2024-12-15","08:00","llama-3.1-70b",1,0,0,1,0,0,0,1,0,1,0,1,0,0,0
"97","l31_70_top5_1215_08","2024-12-15","08:00","llama-3.1-70b",1,0,0,1,0,0,0,1,0,1,0,1,0,0,0
"98","l31_70_top5_1215_08","2024-12-15","08:00","llama-3.1-70b",1,0,0,1,0,0,0,1,0,1,0,1,0,0,0
"99","l31_70_top5_1215_08","2024-12-15","08:00","llama-3.1-70b",1,0,0,1,0,0,0,1,0,1,0,1,0,0,0
"100","l31_70_top5_1215_08","2024-12-15","08:00","llama-3.1-70b",1,0,0,1,0,0,0,1,0,1,0,1,0,0,0
"101","l31_70_top5_1215_16","2024-12-15","16:00","llama-3.1-70b",1,1,0,1,0,0,0,1,0,1,0,0,0,0,0
"102","l31_70_top5_1215_16","2024-12-15","16:00","llama-3.1-70b",1,1,0,1,0,0,0,1,0,1,0,0,0,0,0
"103","l31_70_top5_1215_16","2024-12-15","16:00","llama-3.1-70b",1,1,0,1,0,0,0,1,0,1,0,0,0,0,0
"104","l31_70_top5_1215_16","2024-12-15","16:00","llama-3.1-70b",1,1,0,1,0,0,0,1,0,1,0,0,0,0,0
"105","l31_70_top5_1215_16","2024-12-15","16:00","llama-3.1-70b",1,1,0,1,0,0,0,1,0,1,0,0,0,0,0
"106","l3_70_top5_1209_00","2024-12-09","00:00","llama3-70b",1,0,0,1,1,1,0,0,0,0,0,0,0,1,0
"107","l3_70_top5_1209_00","2024-12-09","00:00","llama3-70b",1,0,0,1,1,1,0,0,0,0,0,0,0,1,0
"108","l3_70_top5_1209_00","2024-12-09","00:00","llama3-70b",1,0,0,1,1,1,0,0,0,0,0,0,0,1,0
"109","l3_70_top5_1209_00","2024-12-09","00:00","llama3-70b",1,0,0,1,1,1,0,0,0,0,0,0,0,1,0
"110","l3_70_top5_1209_00","2024-12-09","00:00","llama3-70b",1,0,0,1,1,1,0,0,0,0,0,0,0,1,0
"111","l3_70_top5_1209_08","2024-12-09","08:00","llama3-70b",1,0,0,1,1,1,0,0,0,0,0,0,0,1,0
"112","l3_70_top5_1209_08","2024-12-09","08:00","llama3-70b",1,0,0,1,1,1,0,0,0,0,0,0,0,1,0
"113","l3_70_top5_1209_08","2024-12-09","08:00","llama3-70b",1,0,0,1,1,1,0,0,0,0,0,0,0,1,0
"114","l3_70_top5_1209_08","2024-12-09","08:00","llama3-70b",1,0,0,1,1,1,0,0,0,0,0,0,0,1,0
"115","l3_70_top5_1209_08","2024-12-09","08:00","llama3-70b",1,0,0,1,1,1,0,0,0,0,0,0,0,1,0
"116","l3_70_top5_1209_16","2024-12-09","16:00","llama3-70b",1,0,0,1,1,1,0,0,0,0,0,0,0,1,0
"117","l3_70_top5_1209_16","2024-12-09","16:00","llama3-70b",1,0,0,1,1,1,0,0,0,0,0,0,0,1,0
"118","l3_70_top5_1209_16","2024-12-09","16:00","llama3-70b",1,0,0,1,1,1,0,0,0,0,0,0,0,1,0
"119","l3_70_top5_1209_16","2024-12-09","16:00","llama3-70b",1,0,0,1,1,1,0,0,0,0,0,0,0,1,0
"120","l3_70_top5_1209_16","2024-12-09","16:00","llama3-70b",1,0,0,1,1,1,0,0,0,0,0,0,0,1,0
"121","l3_70_top5_1210_00","2024-12-10","00:00","llama3-70b",1,0,0,1,1,1,0,0,0,0,0,0,0,1,0
"122","l3_70_top5_1210_00","2024-12-10","00:00","llama3-70b",1,0,0,1,1,1,0,0,0,0,0,0,0,1,0
"123","l3_70_top5_1210_00","2024-12-10","00:00","llama3-70b",1,0,0,1,1,1,0,0,0,0,0,0,0,1,0
"124","l3_70_top5_1210_00","2024-12-10","00:00","llama3-70b",1,0,0,1,1,1,0,0,0,0,0,0,0,1,0
"125","l3_70_top5_1210_00","2024-12-10","00:00","llama3-70b",1,0,0,1,1,1,0,0,0,0,0,0,0,1,0
"126","l3_70_top5_1210_08","2024-12-10","08:00","llama3-70b",1,0,0,1,1,1,0,0,0,0,0,0,0,1,0
"127","l3_70_top5_1210_08","2024-12-10","08:00","llama3-70b",1,0,0,1,1,1,0,0,0,0,0,0,0,1,0
"128","l3_70_top5_1210_08","2024-12-10","08:00","llama3-70b",1,0,0,1,1,1,0,0,0,0,0,0,0,1,0
"129","l3_70_top5_1210_08","2024-12-10","08:00","llama3-70b",1,0,0,1,1,1,0,0,0,0,0,0,0,1,0
"130","l3_70_top5_1210_08","2024-12-10","08:00","llama3-70b",1,0,0,1,1,1,0,0,0,0,0,0,0,1,0
"131","l3_70_top5_1210_16","2024-12-10","16:00","llama3-70b",1,0,0,1,1,1,0,0,0,0,0,0,0,1,0
"132","l3_70_top5_1210_16","2024-12-10","16:00","llama3-70b",1,0,0,1,1,1,0,0,0,0,0,0,0,1,0
"133","l3_70_top5_1210_16","2024-12-10","16:00","llama3-70b",1,0,0,1,1,1,0,0,0,0,0,0,0,1,0
"134","l3_70_top5_1210_16","2024-12-10","16:00","llama3-70b",1,0,0,1,1,1,0,0,0,0,0,0,0,1,0
"135","l3_70_top5_1210_16","2024-12-10","16:00","llama3-70b",1,0,0,1,1,1,0,0,0,0,0,0,0,1,0
"136","l3_70_top5_1211_00","2024-12-11","00:00","llama3-70b",1,0,0,1,1,1,0,0,0,0,0,0,0,1,0
"137","l3_70_top5_1211_00","2024-12-11","00:00","llama3-70b",1,0,0,1,1,1,0,0,0,0,0,0,0,1,0
"138","l3_70_top5_1211_00","2024-12-11","00:00","llama3-70b",1,0,0,1,1,1,0,0,0,0,0,0,0,1,0
"139","l3_70_top5_1211_00","2024-12-11","00:00","llama3-70b",1,0,0,1,1,1,0,0,0,0,0,0,0,1,0
"140","l3_70_top5_1211_00","2024-12-11","00:00","llama3-70b",1,0,0,1,1,1,0,0,0,0,0,0,0,1,0
"141","l3_70_top5_1211_08","2024-12-11","08:00","llama3-70b",1,0,0,1,1,1,0,0,0,0,0,0,0,1,0
"142","l3_70_top5_1211_08","2024-12-11","08:00","llama3-70b",1,0,0,1,1,1,0,0,0,0,0,0,0,1,0
"143","l3_70_top5_1211_08","2024-12-11","08:00","llama3-70b",1,0,0,1,1,1,0,0,0,0,0,0,0,1,0
"144","l3_70_top5_1211_08","2024-12-11","08:00","llama3-70b",1,0,0,1,1,1,0,0,0,0,0,0,0,1,0
"145","l3_70_top5_1211_08","2024-12-11","08:00","llama3-70b",1,0,0,1,1,1,0,0,0,0,0,0,0,1,0
"146","l3_70_top5_1211_16","2024-12-11","16:00","llama3-70b",1,0,0,1,1,1,0,0,0,0,0,0,0,1,0
"147","l3_70_top5_1211_16","2024-12-11","16:00","llama3-70b",1,0,0,1,1,1,0,0,0,0,0,0,0,1,0
"148","l3_70_top5_1211_16","2024-12-11","16:00","llama3-70b",1,0,0,1,1,1,0,0,0,0,0,0,0,1,0
"149","l3_70_top5_1211_16","2024-12-11","16:00","llama3-70b",1,0,0,1,1,1,0,0,0,0,0,0,0,1,0
"150","l3_70_top5_1211_16","2024-12-11","16:00","llama3-70b",1,0,0,1,1,1,0,0,0,0,0,0,0,1,0
"151","l3_70_top5_1212_00","2024-12-12","00:00","llama3-70b",1,0,0,1,1,1,0,0,0,0,0,0,0,1,0
"152","l3_70_top5_1212_00","2024-12-12","00:00","llama3-70b",1,0,0,1,1,1,0,0,0,0,0,0,0,1,0
"153","l3_70_top5_1212_00","2024-12-12","00:00","llama3-70b",1,0,0,1,1,1,0,0,0,0,0,0,0,1,0
"154","l3_70_top5_1212_00","2024-12-12","00:00","llama3-70b",1,0,0,1,1,1,0,0,0,0,0,0,0,1,0
"155","l3_70_top5_1212_00","2024-12-12","00:00","llama3-70b",1,0,0,1,1,1,0,0,0,0,0,0,0,1,0
"156","l3_70_top5_1212_08","2024-12-12","08:00","llama3-70b",1,0,0,1,1,1,0,0,0,0,0,0,0,1,0
"157","l3_70_top5_1212_08","2024-12-12","08:00","llama3-70b",1,0,0,1,1,1,0,0,0,0,0,0,0,1,0
"158","l3_70_top5_1212_08","2024-12-12","08:00","llama3-70b",1,0,0,1,1,1,0,0,0,0,0,0,0,1,0
"159","l3_70_top5_1212_08","2024-12-12","08:00","llama3-70b",1,0,0,1,1,1,0,0,0,0,0,0,0,1,0
"160","l3_70_top5_1212_08","2024-12-12","08:00","llama3-70b",1,0,0,1,1,1,0,0,0,0,0,0,0,1,0
"161","l3_70_top5_1212_16","2024-12-12","16:00","llama3-70b",1,0,0,1,1,1,0,0,0,0,0,0,0,1,0
"162","l3_70_top5_1212_16","2024-12-12","16:00","llama3-70b",1,0,0,1,1,1,0,0,0,0,0,0,0,1,0
"163","l3_70_top5_1212_16","2024-12-12","16:00","llama3-70b",1,0,0,1,1,1,0,0,0,0,0,0,0,1,0
"164","l3_70_top5_1212_16","2024-12-12","16:00","llama3-70b",1,0,0,1,1,1,0,0,0,0,0,0,0,1,0
"165","l3_70_top5_1212_16","2024-12-12","16:00","llama3-70b",1,0,0,1,1,1,0,0,0,0,0,0,0,1,0
"166","l3_70_top5_1213_00","2024-12-13","00:00","llama3-70b",1,0,0,1,1,1,0,0,0,0,0,0,0,1,0
"167","l3_70_top5_1213_00","2024-12-13","00:00","llama3-70b",1,0,0,1,1,1,0,0,0,0,0,0,0,1,0
"168","l3_70_top5_1213_00","2024-12-13","00:00","llama3-70b",1,0,0,1,1,1,0,0,0,0,0,0,0,1,0
"169","l3_70_top5_1213_00","2024-12-13","00:00","llama3-70b",1,0,0,1,1,1,0,0,0,0,0,0,0,1,0
"170","l3_70_top5_1213_00","2024-12-13","00:00","llama3-70b",1,0,0,1,1,1,0,0,0,0,0,0,0,1,0
"171","l3_70_top5_1213_08","2024-12-13","08:00","llama3-70b",1,0,0,1,1,1,0,0,0,0,0,0,0,1,0
"172","l3_70_top5_1213_08","2024-12-13","08:00","llama3-70b",1,0,0,1,1,1,0,0,0,0,0,0,0,1,0
"173","l3_70_top5_1213_08","2024-12-13","08:00","llama3-70b",1,0,0,1,1,1,0,0,0,0,0,0,0,1,0
"174","l3_70_top5_1213_08","2024-12-13","08:00","llama3-70b",1,0,0,1,1,1,0,0,0,0,0,0,0,1,0
"175","l3_70_top5_1213_08","2024-12-13","08:00","llama3-70b",1,0,0,1,1,1,0,0,0,0,0,0,0,1,0
"176","l3_70_top5_1213_16","2024-12-13","16:00","llama3-70b",1,0,0,1,1,1,0,0,0,0,0,0,0,1,0
"177","l3_70_top5_1213_16","2024-12-13","16:00","llama3-70b",1,0,0,1,1,1,0,0,0,0,0,0,0,1,0
"178","l3_70_top5_1213_16","2024-12-13","16:00","llama3-70b",1,0,0,1,1,1,0,0,0,0,0,0,0,1,0
"179","l3_70_top5_1213_16","2024-12-13","16:00","llama3-70b",1,0,0,1,1,1,0,0,0,0,0,0,0,1,0
"180","l3_70_top5_1213_16","2024-12-13","16:00","llama3-70b",1,0,0,1,1,1,0,0,0,0,0,0,0,1,0
"181","l3_70_top5_1214_00","2024-12-14","00:00","llama3-70b",1,0,0,1,1,1,0,0,0,0,0,0,0,1,0
"182","l3_70_top5_1214_00","2024-12-14","00:00","llama3-70b",1,0,0,1,1,1,0,0,0,0,0,0,0,1,0
"183","l3_70_top5_1214_00","2024-12-14","00:00","llama3-70b",1,0,0,1,1,1,0,0,0,0,0,0,0,1,0
"184","l3_70_top5_1214_00","2024-12-14","00:00","llama3-70b",1,0,0,1,1,1,0,0,0,0,0,0,0,1,0
"185","l3_70_top5_1214_00","2024-12-14","00:00","llama3-70b",1,0,0,1,1,1,0,0,0,0,0,0,0,1,0
"186","l3_70_top5_1214_08","2024-12-14","08:00","llama3-70b",1,0,0,1,1,1,0,0,0,0,0,0,0,1,0
"187","l3_70_top5_1214_08","2024-12-14","08:00","llama3-70b",1,0,0,1,1,1,0,0,0,0,0,0,0,1,0
"188","l3_70_top5_1214_08","2024-12-14","08:00","llama3-70b",1,0,0,1,1,1,0,0,0,0,0,0,0,1,0
"189","l3_70_top5_1214_08","2024-12-14","08:00","llama3-70b",1,0,0,1,1,1,0,0,0,0,0,0,0,1,0
"190","l3_70_top5_1214_08","2024-12-14","08:00","llama3-70b",1,0,0,1,1,1,0,0,0,0,0,0,0,1,0
"191","l3_70_top5_1214_16","2024-12-14","16:00","llama3-70b",1,0,0,1,1,1,0,0,0,0,0,0,0,1,0
"192","l3_70_top5_1214_16","2024-12-14","16:00","llama3-70b",1,0,0,1,1,1,0,0,0,0,0,0,0,1,0
"193","l3_70_top5_1214_16","2024-12-14","16:00","llama3-70b",1,0,0,1,1,1,0,0,0,0,0,0,0,1,0
"194","l3_70_top5_1214_16","2024-12-14","16:00","llama3-70b",1,0,0,1,1,1,0,0,0,0,0,0,0,1,0
"195","l3_70_top5_1214_16","2024-12-14","16:00","llama3-70b",1,0,0,1,1,1,0,0,0,0,0,0,0,1,0
"196","l3_70_top5_1215_00","2024-12-15","00:00","llama3-70b",1,0,0,1,1,1,0,0,0,0,0,0,0,1,0
"197","l3_70_top5_1215_00","2024-12-15","00:00","llama3-70b",1,0,0,1,1,1,0,0,0,0,0,0,0,1,0
"198","l3_70_top5_1215_00","2024-12-15","00:00","llama3-70b",1,0,0,1,1,1,0,0,0,0,0,0,0,1,0
"199","l3_70_top5_1215_00","2024-12-15","00:00","llama3-70b",1,0,0,1,1,1,0,0,0,0,0,0,0,1,0
"200","l3_70_top5_1215_00","2024-12-15","00:00","llama3-70b",1,0,0,1,1,1,0,0,0,0,0,0,0,1,0
"201","l3_70_top5_1215_08","2024-12-15","08:00","llama3-70b",1,0,0,1,1,1,0,0,0,0,0,0,0,1,0
"202","l3_70_top5_1215_08","2024-12-15","08:00","llama3-70b",1,0,0,1,1,1,0,0,0,0,0,0,0,1,0
"203","l3_70_top5_1215_08","2024-12-15","08:00","llama3-70b",1,0,0,1,1,1,0,0,0,0,0,0,0,1,0
"204","l3_70_top5_1215_08","2024-12-15","08:00","llama3-70b",1,0,0,1,1,1,0,0,0,0,0,0,0,1,0
"205","l3_70_top5_1215_08","2024-12-15","08:00","llama3-70b",1,0,0,1,1,1,0,0,0,0,0,0,0,1,0
"206","l3_70_top5_1215_16","2024-12-15","16:00","llama3-70b",1,0,0,1,1,1,0,0,0,0,0,0,0,1,0
"207","l3_70_top5_1215_16","2024-12-15","16:00","llama3-70b",1,0,0,1,1,1,0,0,0,0,0,0,0,1,0
"208","l3_70_top5_1215_16","2024-12-15","16:00","llama3-70b",1,0,0,1,1,1,0,0,0,0,0,0,0,1,0
"209","l3_70_top5_1215_16","2024-12-15","16:00","llama3-70b",1,0,0,1,1,1,0,0,0,0,0,0,0,1,0
"210","l3_70_top5_1215_16","2024-12-15","16:00","llama3-70b",1,0,0,1,1,1,0,0,0,0,0,0,0,1,0
"211","l3_8_top5_1209_00","2024-12-09","00:00","llama3-8b",0,0,1,0,0,0,1,1,1,0,1,0,0,0,0
"212","l3_8_top5_1209_00","2024-12-09","00:00","llama3-8b",0,0,1,0,0,0,1,1,1,0,1,0,0,0,0
"213","l3_8_top5_1209_00","2024-12-09","00:00","llama3-8b",0,0,1,0,0,0,1,1,1,0,1,0,0,0,0
"214","l3_8_top5_1209_00","2024-12-09","00:00","llama3-8b",0,0,1,0,0,0,1,1,1,0,1,0,0,0,0
"215","l3_8_top5_1209_00","2024-12-09","00:00","llama3-8b",0,0,1,0,0,0,1,1,1,0,1,0,0,0,0
"216","l3_8_top5_1209_08","2024-12-09","08:00","llama3-8b",0,0,1,0,0,0,1,1,1,0,1,0,0,0,0
"217","l3_8_top5_1209_08","2024-12-09","08:00","llama3-8b",0,0,1,0,0,0,1,1,1,0,1,0,0,0,0
"218","l3_8_top5_1209_08","2024-12-09","08:00","llama3-8b",0,0,1,0,0,0,1,1,1,0,1,0,0,0,0
"219","l3_8_top5_1209_08","2024-12-09","08:00","llama3-8b",0,0,1,0,0,0,1,1,1,0,1,0,0,0,0
"220","l3_8_top5_1209_08","2024-12-09","08:00","llama3-8b",0,0,1,0,0,0,1,1,1,0,1,0,0,0,0
"221","l3_8_top5_1209_16","2024-12-09","16:00","llama3-8b",0,0,1,0,0,0,1,1,1,0,1,0,0,0,0
"222","l3_8_top5_1209_16","2024-12-09","16:00","llama3-8b",0,0,1,0,0,0,1,1,1,0,1,0,0,0,0
"223","l3_8_top5_1209_16","2024-12-09","16:00","llama3-8b",0,0,1,0,0,0,1,1,1,0,1,0,0,0,0
"224","l3_8_top5_1209_16","2024-12-09","16:00","llama3-8b",0,0,1,0,0,0,1,1,1,0,1,0,0,0,0
"225","l3_8_top5_1209_16","2024-12-09","16:00","llama3-8b",0,0,1,0,0,0,1,1,1,0,1,0,0,0,0
"226","l3_8_top5_1210_00","2024-12-10","00:00","llama3-8b",0,0,1,0,0,0,1,1,1,0,1,0,0,0,0
"227","l3_8_top5_1210_00","2024-12-10","00:00","llama3-8b",0,0,1,0,0,0,1,1,1,0,1,0,0,0,0
"228","l3_8_top5_1210_00","2024-12-10","00:00","llama3-8b",0,0,1,0,0,0,1,1,1,0,1,0,0,0,0
"229","l3_8_top5_1210_00","2024-12-10","00:00","llama3-8b",0,0,1,0,0,0,1,1,1,0,1,0,0,0,0
"230","l3_8_top5_1210_00","2024-12-10","00:00","llama3-8b",0,0,1,0,0,0,1,1,1,0,1,0,0,0,0
"231","l3_8_top5_1210_08","2024-12-10","08:00","llama3-8b",0,0,1,0,0,0,1,1,1,0,1,0,0,0,0
"232","l3_8_top5_1210_08","2024-12-10","08:00","llama3-8b",0,0,1,0,0,0,1,1,1,0,1,0,0,0,0
"233","l3_8_top5_1210_08","2024-12-10","08:00","llama3-8b",0,0,1,0,0,0,1,1,1,0,1,0,0,0,0
"234","l3_8_top5_1210_08","2024-12-10","08:00","llama3-8b",0,0,1,0,0,0,1,1,1,0,1,0,0,0,0
"235","l3_8_top5_1210_08","2024-12-10","08:00","llama3-8b",0,0,1,0,0,0,1,1,1,0,1,0,0,0,0
"236","l3_8_top5_1210_16","2024-12-10","16:00","llama3-8b",0,0,1,0,0,0,1,1,1,0,1,0,0,0,0
"237","l3_8_top5_1210_16","2024-12-10","16:00","llama3-8b",0,0,1,0,0,0,1,1,1,0,1,0,0,0,0
"238","l3_8_top5_1210_16","2024-12-10","16:00","llama3-8b",0,0,1,0,0,0,1,1,1,0,1,0,0,0,0
"239","l3_8_top5_1210_16","2024-12-10","16:00","llama3-8b",0,0,1,0,0,0,1,1,1,0,1,0,0,0,0
"240","l3_8_top5_1210_16","2024-12-10","16:00","llama3-8b",0,0,1,0,0,0,1,1,1,0,1,0,0,0,0
"241","l3_8_top5_1211_00","2024-12-11","00:00","llama3-8b",0,0,1,0,0,0,1,1,1,0,1,0,0,0,0
"242","l3_8_top5_1211_00","2024-12-11","00:00","llama3-8b",0,0,1,0,0,0,1,1,1,0,1,0,0,0,0
"243","l3_8_top5_1211_00","2024-12-11","00:00","llama3-8b",0,0,1,0,0,0,1,1,1,0,1,0,0,0,0
"244","l3_8_top5_1211_00","2024-12-11","00:00","llama3-8b",0,0,1,0,0,0,1,1,1,0,1,0,0,0,0
"245","l3_8_top5_1211_00","2024-12-11","00:00","llama3-8b",0,0,1,0,0,0,1,1,1,0,1,0,0,0,0
"246","l3_8_top5_1211_08","2024-12-11","08:00","llama3-8b",0,0,1,0,0,0,1,1,1,0,1,0,0,0,0
"247","l3_8_top5_1211_08","2024-12-11","08:00","llama3-8b",0,0,1,0,0,0,1,1,1,0,1,0,0,0,0
"248","l3_8_top5_1211_08","2024-12-11","08:00","llama3-8b",0,0,1,0,0,0,1,1,1,0,1,0,0,0,0
"249","l3_8_top5_1211_08","2024-12-11","08:00","llama3-8b",0,0,1,0,0,0,1,1,1,0,1,0,0,0,0
"250","l3_8_top5_1211_08","2024-12-11","08:00","llama3-8b",0,0,1,0,0,0,1,1,1,0,1,0,0,0,0
"251","l3_8_top5_1211_16","2024-12-11","16:00","llama3-8b",0,0,1,0,0,0,1,1,1,0,1,0,0,0,0
"252","l3_8_top5_1211_16","2024-12-11","16:00","llama3-8b",0,0,1,0,0,0,1,1,1,0,1,0,0,0,0
"253","l3_8_top5_1211_16","2024-12-11","16:00","llama3-8b",0,0,1,0,0,0,1,1,1,0,1,0,0,0,0
"254","l3_8_top5_1211_16","2024-12-11","16:00","llama3-8b",0,0,1,0,0,0,1,1,1,0,1,0,0,0,0
"255","l3_8_top5_1211_16","2024-12-11","16:00","llama3-8b",0,0,1,0,0,0,1,1,1,0,1,0,0,0,0
"256","l3_8_top5_1212_00","2024-12-12","00:00","llama3-8b",0,0,1,0,0,0,1,1,1,0,1,0,0,0,0
"257","l3_8_top5_1212_00","2024-12-12","00:00","llama3-8b",0,0,1,0,0,0,1,1,1,0,1,0,0,0,0
"258","l3_8_top5_1212_00","2024-12-12","00:00","llama3-8b",0,0,1,0,0,0,1,1,1,0,1,0,0,0,0
"259","l3_8_top5_1212_00","2024-12-12","00:00","llama3-8b",0,0,1,0,0,0,1,1,1,0,1,0,0,0,0
"260","l3_8_top5_1212_00","2024-12-12","00:00","llama3-8b",0,0,1,0,0,0,1,1,1,0,1,0,0,0,0
"261","l3_8_top5_1212_08","2024-12-12","08:00","llama3-8b",0,0,1,0,0,0,1,1,1,0,1,0,0,0,0
"262","l3_8_top5_1212_08","2024-12-12","08:00","llama3-8b",0,0,1,0,0,0,1,1,1,0,1,0,0,0,0
"263","l3_8_top5_1212_08","2024-12-12","08:00","llama3-8b",0,0,1,0,0,0,1,1,1,0,1,0,0,0,0
"264","l3_8_top5_1212_08","2024-12-12","08:00","llama3-8b",0,0,1,0,0,0,1,1,1,0,1,0,0,0,0
"265","l3_8_top5_1212_08","2024-12-12","08:00","llama3-8b",0,0,1,0,0,0,1,1,1,0,1,0,0,0,0
"266","l3_8_top5_1212_16","2024-12-12","16:00","llama3-8b",0,0,1,0,0,0,1,1,1,0,1,0,0,0,0
"267","l3_8_top5_1212_16","2024-12-12","16:00","llama3-8b",0,0,1,0,0,0,1,1,1,0,1,0,0,0,0
"268","l3_8_top5_1212_16","2024-12-12","16:00","llama3-8b",0,0,1,0,0,0,1,1,1,0,1,0,0,0,0
"269","l3_8_top5_1212_16","2024-12-12","16:00","llama3-8b",0,0,1,0,0,0,1,1,1,0,1,0,0,0,0
"270","l3_8_top5_1212_16","2024-12-12","16:00","llama3-8b",0,0,1,0,0,0,1,1,1,0,1,0,0,0,0
"271","l3_8_top5_1213_00","2024-12-13","00:00","llama3-8b",0,0,1,0,0,0,1,1,1,0,1,0,0,0,0
"272","l3_8_top5_1213_00","2024-12-13","00:00","llama3-8b",0,0,1,0,0,0,1,1,1,0,1,0,0,0,0
"273","l3_8_top5_1213_00","2024-12-13","00:00","llama3-8b",0,0,1,0,0,0,1,1,1,0,1,0,0,0,0
"274","l3_8_top5_1213_00","2024-12-13","00:00","llama3-8b",0,0,1,0,0,0,1,1,1,0,1,0,0,0,0
"275","l3_8_top5_1213_00","2024-12-13","00:00","llama3-8b",0,0,1,0,0,0,1,1,1,0,1,0,0,0,0
"276","l3_8_top5_1213_08","2024-12-13","08:00","llama3-8b",0,0,1,0,0,0,1,1,1,0,1,0,0,0,0
"277","l3_8_top5_1213_08","2024-12-13","08:00","llama3-8b",0,0,1,0,0,0,1,1,1,0,1,0,0,0,0
"278","l3_8_top5_1213_08","2024-12-13","08:00","llama3-8b",0,0,1,0,0,0,1,1,1,0,1,0,0,0,0
"279","l3_8_top5_1213_08","2024-12-13","08:00","llama3-8b",0,0,1,0,0,0,1,1,1,0,1,0,0,0,0
"280","l3_8_top5_1213_08","2024-12-13","08:00","llama3-8b",0,0,1,0,0,0,1,1,1,0,1,0,0,0,0
"281","l3_8_top5_1213_16","2024-12-13","16:00","llama3-8b",0,0,1,0,0,0,1,1,1,0,1,0,0,0,0
"282","l3_8_top5_1213_16","2024-12-13","16:00","llama3-8b",0,0,1,0,0,0,1,1,1,0,1,0,0,0,0
"283","l3_8_top5_1213_16","2024-12-13","16:00","llama3-8b",0,0,1,0,0,0,1,1,1,0,1,0,0,0,0
"284","l3_8_top5_1213_16","2024-12-13","16:00","llama3-8b",0,0,1,0,0,0,1,1,1,0,1,0,0,0,0
"285","l3_8_top5_1213_16","2024-12-13","16:00","llama3-8b",0,0,1,0,0,0,1,1,1,0,1,0,0,0,0
"286","l3_8_top5_1214_00","2024-12-14","00:00","llama3-8b",0,0,1,0,0,0,1,1,1,0,1,0,0,0,0
"287","l3_8_top5_1214_00","2024-12-14","00:00","llama3-8b",0,0,1,0,0,0,1,1,1,0,1,0,0,0,0
"288","l3_8_top5_1214_00","2024-12-14","00:00","llama3-8b",0,0,1,0,0,0,1,1,1,0,1,0,0,0,0
"289","l3_8_top5_1214_00","2024-12-14","00:00","llama3-8b",0,0,1,0,0,0,1,1,1,0,1,0,0,0,0
"290","l3_8_top5_1214_00","2024-12-14","00:00","llama3-8b",0,0,1,0,0,0,1,1,1,0,1,0,0,0,0
"291","l3_8_top5_1214_08","2024-12-14","08:00","llama3-8b",0,0,1,0,0,0,1,1,1,0,1,0,0,0,0
"292","l3_8_top5_1214_08","2024-12-14","08:00","llama3-8b",0,0,1,0,0,0,1,1,1,0,1,0,0,0,0
"293","l3_8_top5_1214_08","2024-12-14","08:00","llama3-8b",0,0,1,0,0,0,1,1,1,0,1,0,0,0,0
"294","l3_8_top5_1214_08","2024-12-14","08:00","llama3-8b",0,0,1,0,0,0,1,1,1,0,1,0,0,0,0
"295","l3_8_top5_1214_08","2024-12-14","08:00","llama3-8b",0,0,1,0,0,0,1,1,1,0,1,0,0,0,0
"296","l3_8_top5_1214_16","2024-12-14","16:00","llama3-8b",0,0,1,0,0,0,1,1,1,0,1,0,0,0,0
"297","l3_8_top5_1214_16","2024-12-14","16:00","llama3-8b",0,0,1,0,0,0,1,1,1,0,1,0,0,0,0
"298","l3_8_top5_1214_16","2024-12-14","16:00","llama3-8b",0,0,1,0,0,0,1,1,1,0,1,0,0,0,0
"299","l3_8_top5_1214_16","2024-12-14","16:00","llama3-8b",0,0,1,0,0,0,1,1,1,0,1,0,0,0,0
"300","l3_8_top5_1214_16","2024-12-14","16:00","llama3-8b",0,0,1,0,0,0,1,1,1,0,1,0,0,0,0
"301","l3_8_top5_1215_00","2024-12-15","00:00","llama3-8b",0,0,1,0,0,0,1,1,1,0,1,0,0,0,0
"302","l3_8_top5_1215_00","2024-12-15","00:00","llama3-8b",0,0,1,0,0,0,1,1,1,0,1,0,0,0,0
"303","l3_8_top5_1215_00","2024-12-15","00:00","llama3-8b",0,0,1,0,0,0,1,1,1,0,1,0,0,0,0
"304","l3_8_top5_1215_00","2024-12-15","00:00","llama3-8b",0,0,1,0,0,0,1,1,1,0,1,0,0,0,0
"305","l3_8_top5_1215_00","2024-12-15","00:00","llama3-8b",0,0,1,0,0,0,1,1,1,0,1,0,0,0,0
"306","l3_8_top5_1215_08","2024-12-15","08:00","llama3-8b",0,0,1,0,0,0,1,1,1,0,1,0,0,0,0
"307","l3_8_top5_1215_08","2024-12-15","08:00","llama3-8b",0,0,1,0,0,0,1,1,1,0,1,0,0,0,0
"308","l3_8_top5_1215_08","2024-12-15","08:00","llama3-8b",0,0,1,0,0,0,1,1,1,0,1,0,0,0,0
"309","l3_8_top5_1215_08","2024-12-15","08:00","llama3-8b",0,0,1,0,0,0,1,1,1,0,1,0,0,0,0
"310","l3_8_top5_1215_08","2024-12-15","08:00","llama3-8b",0,0,1,0,0,0,1,1,1,0,1,0,0,0,0
"311","l3_8_top5_1215_16","2024-12-15","16:00","llama3-8b",0,0,1,0,0,0,1,1,1,0,1,0,0,0,0
"312","l3_8_top5_1215_16","2024-12-15","16:00","llama3-8b",0,0,1,0,0,0,1,1,1,0,1,0,0,0,0
"313","l3_8_top5_1215_16","2024-12-15","16:00","llama3-8b",0,0,1,0,0,0,1,1,1,0,1,0,0,0,0
"314","l3_8_top5_1215_16","2024-12-15","16:00","llama3-8b",0,0,1,0,0,0,1,1,1,0,1,0,0,0,0
"315","l3_8_top5_1215_16","2024-12-15","16:00","llama3-8b",0,0,1,0,0,0,1,1,1,0,1,0,0,0,0
"316","g2_top5_1209_00","2024-12-09","00:00","gemma2-9b",0,0,0,1,0,0,0,1,0,0,0,1,0,0,2
"317","g2_top5_1209_00","2024-12-09","00:00","gemma2-9b",0,0,0,1,0,0,0,1,0,0,0,1,0,0,2
"318","g2_top5_1209_00","2024-12-09","00:00","gemma2-9b",0,0,0,1,0,0,0,1,0,0,0,1,0,0,2
"319","g2_top5_1209_00","2024-12-09","00:00","gemma2-9b",0,0,0,1,0,0,0,1,0,0,0,1,0,0,2
"320","g2_top5_1209_00","2024-12-09","00:00","gemma2-9b",0,0,0,1,0,0,0,1,0,0,0,1,0,0,2
"321","g2_top5_1209_08","2024-12-09","08:00","gemma2-9b",0,0,0,1,0,0,0,1,0,0,0,1,0,0,2
"322","g2_top5_1209_08","2024-12-09","08:00","gemma2-9b",0,0,0,1,0,0,0,1,0,0,0,1,0,0,2
"323","g2_top5_1209_08","2024-12-09","08:00","gemma2-9b",0,0,0,1,0,0,0,1,0,0,0,1,0,0,2
"324","g2_top5_1209_08","2024-12-09","08:00","gemma2-9b",0,0,0,1,0,0,0,1,0,0,0,1,0,0,2
"325","g2_top5_1209_08","2024-12-09","08:00","gemma2-9b",0,0,0,1,0,0,0,1,0,0,0,1,0,0,2
"326","g2_top5_1209_16","2024-12-09","16:00","gemma2-9b",0,0,0,1,0,0,0,1,0,0,0,1,0,0,2
"327","g2_top5_1209_16","2024-12-09","16:00","gemma2-9b",0,0,0,1,0,0,0,1,0,0,0,1,0,0,2
"328","g2_top5_1209_16","2024-12-09","16:00","gemma2-9b",0,0,0,1,0,0,0,1,0,0,0,1,0,0,2
"329","g2_top5_1209_16","2024-12-09","16:00","gemma2-9b",0,0,0,1,0,0,0,1,0,0,0,1,0,0,2
"330","g2_top5_1209_16","2024-12-09","16:00","gemma2-9b",0,0,0,1,0,0,0,1,0,0,0,1,0,0,2
"331","g2_top5_1210_00","2024-12-10","00:00","gemma2-9b",0,0,0,1,0,0,0,1,0,0,0,1,0,0,2
"332","g2_top5_1210_00","2024-12-10","00:00","gemma2-9b",0,0,0,1,0,0,0,1,0,0,0,1,0,0,2
"333","g2_top5_1210_00","2024-12-10","00:00","gemma2-9b",0,0,0,1,0,0,0,1,0,0,0,1,0,0,2
"334","g2_top5_1210_00","2024-12-10","00:00","gemma2-9b",0,0,0,1,0,0,0,1,0,0,0,1,0,0,2
"335","g2_top5_1210_00","2024-12-10","00:00","gemma2-9b",0,0,0,1,0,0,0,1,0,0,0,1,0,0,2
"336","g2_top5_1210_08","2024-12-10","08:00","gemma2-9b",0,0,0,1,0,0,0,1,0,0,0,1,0,0,2
"337","g2_top5_1210_08","2024-12-10","08:00","gemma2-9b",0,0,0,1,0,0,0,1,0,0,0,1,0,0,2
"338","g2_top5_1210_08","2024-12-10","08:00","gemma2-9b",0,0,0,1,0,0,0,1,0,0,0,1,0,0,2
"339","g2_top5_1210_08","2024-12-10","08:00","gemma2-9b",0,0,0,1,0,0,0,1,0,0,0,1,0,0,2
"340","g2_top5_1210_08","2024-12-10","08:00","gemma2-9b",0,0,0,1,0,0,0,1,0,0,0,1,0,0,2
"341","g2_top5_1210_16","2024-12-10","16:00","gemma2-9b",0,0,0,1,0,0,0,1,0,0,0,1,0,0,2
"342","g2_top5_1210_16","2024-12-10","16:00","gemma2-9b",0,0,0,1,0,0,0,1,0,0,0,1,0,0,2
"343","g2_top5_1210_16","2024-12-10","16:00","gemma2-9b",0,0,0,1,0,0,0,1,0,0,0,1,0,0,2
"344","g2_top5_1210_16","2024-12-10","16:00","gemma2-9b",0,0,0,1,0,0,0,1,0,0,0,1,0,0,2
"345","g2_top5_1210_16","2024-12-10","16:00","gemma2-9b",0,0,0,1,0,0,0,1,0,0,0,1,0,0,2
"346","g2_top5_1211_00","2024-12-11","00:00","gemma2-9b",0,0,0,1,0,0,0,1,0,0,0,1,0,0,2
"347","g2_top5_1211_00","2024-12-11","00:00","gemma2-9b",0,0,0,1,0,0,0,1,0,0,0,1,0,0,2
"348","g2_top5_1211_00","2024-12-11","00:00","gemma2-9b",0,0,0,1,0,0,0,1,0,0,0,1,0,0,2
"349","g2_top5_1211_00","2024-12-11","00:00","gemma2-9b",0,0,0,1,0,0,0,1,0,0,0,1,0,0,2
"350","g2_top5_1211_00","2024-12-11","00:00","gemma2-9b",0,0,0,1,0,0,0,1,0,0,0,1,0,0,2
"351","g2_top5_1211_08","2024-12-11","08:00","gemma2-9b",0,0,0,1,0,0,0,1,0,0,0,1,0,0,2
"352","g2_top5_1211_08","2024-12-11","08:00","gemma2-9b",0,0,0,1,0,0,0,1,0,0,0,1,0,0,2
"353","g2_top5_1211_08","2024-12-11","08:00","gemma2-9b",0,0,0,1,0,0,0,1,0,0,0,1,0,0,2
"354","g2_top5_1211_08","2024-12-11","08:00","gemma2-9b",0,0,0,1,0,0,0,1,0,0,0,1,0,0,2
"355","g2_top5_1211_08","2024-12-11","08:00","gemma2-9b",0,0,0,1,0,0,0,1,0,0,0,1,0,0,2
"356","g2_top5_1211_16","2024-12-11","16:00","gemma2-9b",0,0,0,1,0,0,0,1,0,0,0,1,0,0,2
"357","g2_top5_1211_16","2024-12-11","16:00","gemma2-9b",0,0,0,1,0,0,0,1,0,0,0,1,0,0,2
"358","g2_top5_1211_16","2024-12-11","16:00","gemma2-9b",0,0,0,1,0,0,0,1,0,0,0,1,0,0,2
"359","g2_top5_1211_16","2024-12-11","16:00","gemma2-9b",0,0,0,1,0,0,0,1,0,0,0,1,0,0,2
"360","g2_top5_1211_16","2024-12-11","16:00","gemma2-9b",0,0,0,1,0,0,0,1,0,0,0,1,0,0,2
"361","g2_top5_1212_00","2024-12-12","00:00","gemma2-9b",0,0,0,1,0,0,0,1,0,0,0,1,0,0,2
"362","g2_top5_1212_00","2024-12-12","00:00","gemma2-9b",0,0,0,1,0,0,0,1,0,0,0,1,0,0,2
"363","g2_top5_1212_00","2024-12-12","00:00","gemma2-9b",0,0,0,1,0,0,0,1,0,0,0,1,0,0,2
"364","g2_top5_1212_00","2024-12-12","00:00","gemma2-9b",0,0,0,1,0,0,0,1,0,0,0,1,0,0,2
"365","g2_top5_1212_00","2024-12-12","00:00","gemma2-9b",0,0,0,1,0,0,0,1,0,0,0,1,0,0,2
"366","g2_top5_1212_08","2024-12-12","08:00","gemma2-9b",0,0,0,1,0,0,0,1,0,0,0,1,0,0,2
"367","g2_top5_1212_08","2024-12-12","08:00","gemma2-9b",0,0,0,1,0,0,0,1,0,0,0,1,0,0,2
"368","g2_top5_1212_08","2024-12-12","08:00","gemma2-9b",0,0,0,1,0,0,0,1,0,0,0,1,0,0,2
"369","g2_top5_1212_08","2024-12-12","08:00","gemma2-9b",0,0,0,1,0,0,0,1,0,0,0,1,0,0,2
"370","g2_top5_1212_08","2024-12-12","08:00","gemma2-9b",0,0,0,1,0,0,0,1,0,0,0,1,0,0,2
"371","g2_top5_1212_16","2024-12-12","16:00","gemma2-9b",0,0,0,1,0,0,0,1,0,0,0,1,0,0,2
"372","g2_top5_1212_16","2024-12-12","16:00","gemma2-9b",0,0,0,1,0,0,0,1,0,0,0,1,0,0,2
"373","g2_top5_1212_16","2024-12-12","16:00","gemma2-9b",0,0,0,1,0,0,0,1,0,0,0,1,0,0,2
"374","g2_top5_1212_16","2024-12-12","16:00","gemma2-9b",0,0,0,1,0,0,0,1,0,0,0,1,0,0,2
"375","g2_top5_1212_16","2024-12-12","16:00","gemma2-9b",0,0,0,1,0,0,0,1,0,0,0,1,0,0,2
"376","g2_top5_1213_00","2024-12-13","00:00","gemma2-9b",0,0,0,1,0,0,0,1,0,0,0,1,0,0,2
"377","g2_top5_1213_00","2024-12-13","00:00","gemma2-9b",0,0,0,1,0,0,0,1,0,0,0,1,0,0,2
"378","g2_top5_1213_00","2024-12-13","00:00","gemma2-9b",0,0,0,1,0,0,0,1,0,0,0,1,0,0,2
"379","g2_top5_1213_00","2024-12-13","00:00","gemma2-9b",0,0,0,1,0,0,0,1,0,0,0,1,0,0,2
"380","g2_top5_1213_00","2024-12-13","00:00","gemma2-9b",0,0,0,1,0,0,0,1,0,0,0,1,0,0,2
"381","g2_top5_1213_08","2024-12-13","08:00","gemma2-9b",0,0,0,1,0,0,0,1,0,0,0,1,0,0,2
"382","g2_top5_1213_08","2024-12-13","08:00","gemma2-9b",0,0,0,1,0,0,0,1,0,0,0,1,0,0,2
"383","g2_top5_1213_08","2024-12-13","08:00","gemma2-9b",0,0,0,1,0,0,0,1,0,0,0,1,0,0,2
"384","g2_top5_1213_08","2024-12-13","08:00","gemma2-9b",0,0,0,1,0,0,0,1,0,0,0,1,0,0,2
"385","g2_top5_1213_08","2024-12-13","08:00","gemma2-9b",0,0,0,1,0,0,0,1,0,0,0,1,0,0,2
"386","g2_top5_1213_16","2024-12-13","16:00","gemma2-9b",0,0,0,1,0,0,0,1,0,0,0,1,0,0,2
"387","g2_top5_1213_16","2024-12-13","16:00","gemma2-9b",0,0,0,1,0,0,0,1,0,0,0,1,0,0,2
"388","g2_top5_1213_16","2024-12-13","16:00","gemma2-9b",0,0,0,1,0,0,0,1,0,0,0,1,0,0,2
"389","g2_top5_1213_16","2024-12-13","16:00","gemma2-9b",0,0,0,1,0,0,0,1,0,0,0,1,0,0,2
"390","g2_top5_1213_16","2024-12-13","16:00","gemma2-9b",0,0,0,1,0,0,0,1,0,0,0,1,0,0,2
"391","g2_top5_1214_00","2024-12-14","00:00","gemma2-9b",0,0,0,1,0,0,0,1,0,0,0,1,0,0,2
"392","g2_top5_1214_00","2024-12-14","00:00","gemma2-9b",0,0,0,1,0,0,0,1,0,0,0,1,0,0,2
"393","g2_top5_1214_00","2024-12-14","00:00","gemma2-9b",0,0,0,1,0,0,0,1,0,0,0,1,0,0,2
"394","g2_top5_1214_00","2024-12-14","00:00","gemma2-9b",0,0,0,1,0,0,0,1,0,0,0,1,0,0,2
"395","g2_top5_1214_00","2024-12-14","00:00","gemma2-9b",0,0,0,1,0,0,0,1,0,0,0,1,0,0,2
"396","g2_top5_1214_08","2024-12-14","08:00","gemma2-9b",0,0,0,1,0,0,0,1,0,0,0,1,0,0,2
"397","g2_top5_1214_08","2024-12-14","08:00","gemma2-9b",0,0,0,1,0,0,0,1,0,0,0,1,0,0,2
"398","g2_top5_1214_08","2024-12-14","08:00","gemma2-9b",0,0,0,1,0,0,0,1,0,0,0,1,0,0,2
"399","g2_top5_1214_08","2024-12-14","08:00","gemma2-9b",0,0,0,1,0,0,0,1,0,0,0,1,0,0,2
"400","g2_top5_1214_08","2024-12-14","08:00","gemma2-9b",0,0,0,1,0,0,0,1,0,0,0,1,0,0,2
"401","g2_top5_1214_16","2024-12-14","16:00","gemma2-9b",0,0,0,1,0,0,0,1,0,0,0,1,0,0,2
"402","g2_top5_1214_16","2024-12-14","16:00","gemma2-9b",0,0,0,1,0,0,0,1,0,0,0,1,0,0,2
"403","g2_top5_1214_16","2024-12-14","16:00","gemma2-9b",0,0,0,1,0,0,0,1,0,0,0,1,0,0,2
"404","g2_top5_1214_16","2024-12-14","16:00","gemma2-9b",0,0,0,1,0,0,0,1,0,0,0,1,0,0,2
"405","g2_top5_1214_16","2024-12-14","16:00","gemma2-9b",0,0,0,1,0,0,0,1,0,0,0,1,0,0,2
"406","g2_top5_1215_00","2024-12-15","00:00","gemma2-9b",0,0,0,1,0,0,0,1,0,0,0,1,0,0,2
"407","g2_top5_1215_00","2024-12-15","00:00","gemma2-9b",0,0,0,1,0,0,0,1,0,0,0,1,0,0,2
"408","g2_top5_1215_00","2024-12-15","00:00","gemma2-9b",0,0,0,1,0,0,0,1,0,0,0,1,0,0,2
"409","g2_top5_1215_00","2024-12-15","00:00","gemma2-9b",0,0,0,1,0,0,0,1,0,0,0,1,0,0,2
"410","g2_top5_1215_00","2024-12-15","00:00","gemma2-9b",0,0,0,1,0,0,0,1,0,0,0,1,0,0,2
"411","g2_top5_1215_08","2024-12-15","08:00","gemma2-9b",0,0,0,1,0,0,0,1,0,0,0,1,0,0,2
"412","g2_top5_1215_08","2024-12-15","08:00","gemma2-9b",0,0,0,1,0,0,0,1,0,0,0,1,0,0,2
"413","g2_top5_1215_08","2024-12-15","08:00","gemma2-9b",0,0,0,1,0,0,0,1,0,0,0,1,0,0,2
"414","g2_top5_1215_08","2024-12-15","08:00","gemma2-9b",0,0,0,1,0,0,0,1,0,0,0,1,0,0,2
"415","g2_top5_1215_08","2024-12-15","08:00","gemma2-9b",0,0,0,1,0,0,0,1,0,0,0,1,0,0,2
"416","g2_top5_1215_16","2024-12-15","16:00","gemma2-9b",0,0,0,1,0,0,0,1,0,0,0,1,0,0,2
"417","g2_top5_1215_16","2024-12-15","16:00","gemma2-9b",0,0,0,1,0,0,0,1,0,0,0,1,0,0,2
"418","g2_top5_1215_16","2024-12-15","16:00","gemma2-9b",0,0,0,1,0,0,0,1,0,0,0,1,0,0,2
"419","g2_top5_1215_16","2024-12-15","16:00","gemma2-9b",0,0,0,1,0,0,0,1,0,0,0,1,0,0,2
"420","g2_top5_1215_16","2024-12-15","16:00","gemma2-9b",0,0,0,1,0,0,0,1,0,0,0,1,0,0,2
"421","l31_8_top5_1209_00","2024-12-09","00:00","llama-3.1-8b",0,0,0,1,0,0,0,1,1,0,0,1,0,0,1
"422","l31_8_top5_1209_00","2024-12-09","00:00","llama-3.1-8b",0,0,0,1,0,0,0,1,1,0,0,1,0,0,1
"423","l31_8_top5_1209_00","2024-12-09","00:00","llama-3.1-8b",0,0,0,1,0,0,0,1,1,0,0,1,0,0,1
"424","l31_8_top5_1209_00","2024-12-09","00:00","llama-3.1-8b",0,0,0,1,0,0,0,1,1,0,0,1,0,0,1
"425","l31_8_top5_1209_00","2024-12-09","00:00","llama-3.1-8b",0,0,0,1,0,0,0,1,1,0,0,1,0,0,1
"426","l31_8_top5_1209_08","2024-12-09","08:00","llama-3.1-8b",0,0,0,1,0,0,0,1,1,0,0,1,0,0,1
"427","l31_8_top5_1209_08","2024-12-09","08:00","llama-3.1-8b",0,0,0,1,0,0,0,1,1,0,0,1,0,0,1
"428","l31_8_top5_1209_08","2024-12-09","08:00","llama-3.1-8b",0,0,0,1,0,0,0,1,1,0,0,1,0,0,1
"429","l31_8_top5_1209_08","2024-12-09","08:00","llama-3.1-8b",0,0,0,1,0,0,0,1,1,0,0,1,0,0,1
"430","l31_8_top5_1209_08","2024-12-09","08:00","llama-3.1-8b",0,0,0,1,0,0,0,1,1,0,0,1,0,0,1
"431","l31_8_top5_1209_16","2024-12-09","16:00","llama-3.1-8b",0,0,0,1,0,0,0,1,1,0,0,1,0,0,1
"432","l31_8_top5_1209_16","2024-12-09","16:00","llama-3.1-8b",0,0,0,1,0,0,0,1,1,0,0,1,0,0,1
"433","l31_8_top5_1209_16","2024-12-09","16:00","llama-3.1-8b",0,0,0,1,0,0,0,1,1,0,0,1,0,0,1
"434","l31_8_top5_1209_16","2024-12-09","16:00","llama-3.1-8b",0,0,0,1,0,0,0,1,1,0,0,1,0,0,1
"435","l31_8_top5_1209_16","2024-12-09","16:00","llama-3.1-8b",0,0,0,1,0,0,0,1,1,0,0,1,0,0,1
"436","l31_8_top5_1210_00","2024-12-10","00:00","llama-3.1-8b",0,0,0,1,0,0,0,1,1,0,0,1,0,0,1
"437","l31_8_top5_1210_00","2024-12-10","00:00","llama-3.1-8b",0,0,0,1,0,0,0,1,1,0,0,1,0,0,1
"438","l31_8_top5_1210_00","2024-12-10","00:00","llama-3.1-8b",0,0,0,1,0,0,0,1,1,0,0,1,0,0,1
"439","l31_8_top5_1210_00","2024-12-10","00:00","llama-3.1-8b",0,0,0,1,0,0,0,1,1,0,0,1,0,0,1
"440","l31_8_top5_1210_00","2024-12-10","00:00","llama-3.1-8b",0,0,0,1,0,0,0,1,1,0,0,1,0,0,1
"441","l31_8_top5_1210_16","2024-12-10","16:00","llama-3.1-8b",0,0,0,1,0,0,0,1,1,0,0,1,0,0,1
"442","l31_8_top5_1210_16","2024-12-10","16:00","llama-3.1-8b",0,0,0,1,0,0,0,1,1,0,0,1,0,0,1
"443","l31_8_top5_1210_16","2024-12-10","16:00","llama-3.1-8b",0,0,0,1,0,0,0,1,1,0,0,1,0,0,1
"444","l31_8_top5_1210_16","2024-12-10","16:00","llama-3.1-8b",0,0,0,1,0,0,0,1,1,0,0,1,0,0,1
"445","l31_8_top5_1210_16","2024-12-10","16:00","llama-3.1-8b",0,0,0,1,0,0,0,1,1,0,0,1,0,0,1
"446","l31_8_top5_1211_00","2024-12-11","00:00","llama-3.1-8b",0,0,0,1,0,0,0,1,1,0,0,1,0,0,1
"447","l31_8_top5_1211_00","2024-12-11","00:00","llama-3.1-8b",0,0,0,1,0,0,0,1,1,0,0,1,0,0,1
"448","l31_8_top5_1211_00","2024-12-11","00:00","llama-3.1-8b",0,0,0,1,0,0,0,1,1,0,0,1,0,0,1
"449","l31_8_top5_1211_00","2024-12-11","00:00","llama-3.1-8b",0,0,0,1,0,0,0,1,1,0,0,1,0,0,1
"450","l31_8_top5_1211_00","2024-12-11","00:00","llama-3.1-8b",0,0,0,1,0,0,0,1,1,0,0,1,0,0,1
"451","l31_8_top5_1211_16","2024-12-11","16:00","llama-3.1-8b",0,0,0,1,0,0,0,1,1,0,0,1,0,0,1
"452","l31_8_top5_1211_16","2024-12-11","16:00","llama-3.1-8b",0,0,0,1,0,0,0,1,1,0,0,1,0,0,1
"453","l31_8_top5_1211_16","2024-12-11","16:00","llama-3.1-8b",0,0,0,1,0,0,0,1,1,0,0,1,0,0,1
"454","l31_8_top5_1211_16","2024-12-11","16:00","llama-3.1-8b",0,0,0,1,0,0,0,1,1,0,0,1,0,0,1
"455","l31_8_top5_1211_16","2024-12-11","16:00","llama-3.1-8b",0,0,0,1,0,0,0,1,1,0,0,1,0,0,1
"456","l31_8_top5_1212_00","2024-12-12","00:00","llama-3.1-8b",0,0,0,1,0,0,0,1,1,0,0,1,0,0,1
"457","l31_8_top5_1212_00","2024-12-12","00:00","llama-3.1-8b",0,0,0,1,0,0,0,1,1,0,0,1,0,0,1
"458","l31_8_top5_1212_00","2024-12-12","00:00","llama-3.1-8b",0,0,0,1,0,0,0,1,1,0,0,1,0,0,1
"459","l31_8_top5_1212_00","2024-12-12","00:00","llama-3.1-8b",0,0,0,1,0,0,0,1,1,0,0,1,0,0,1
"460","l31_8_top5_1212_00","2024-12-12","00:00","llama-3.1-8b",0,0,0,1,0,0,0,1,1,0,0,1,0,0,1
"461","l31_8_top5_1212_08","2024-12-12","08:00","llama-3.1-8b",0,0,0,1,0,0,0,1,1,0,0,1,0,0,1
"462","l31_8_top5_1212_08","2024-12-12","08:00","llama-3.1-8b",0,0,0,1,0,0,0,1,1,0,0,1,0,0,1
"463","l31_8_top5_1212_08","2024-12-12","08:00","llama-3.1-8b",0,0,0,1,0,0,0,1,1,0,0,1,0,0,1
"464","l31_8_top5_1212_08","2024-12-12","08:00","llama-3.1-8b",0,0,0,1,0,0,0,1,1,0,0,1,0,0,1
"465","l31_8_top5_1212_08","2024-12-12","08:00","llama-3.1-8b",0,0,0,1,0,0,0,1,1,0,0,1,0,0,1
"466","l31_8_top5_1212_16","2024-12-12","16:00","llama-3.1-8b",0,0,0,1,0,0,0,1,1,0,0,1,0,0,1
"467","l31_8_top5_1212_16","2024-12-12","16:00","llama-3.1-8b",0,0,0,1,0,0,0,1,1,0,0,1,0,0,1
"468","l31_8_top5_1212_16","2024-12-12","16:00","llama-3.1-8b",0,0,0,1,0,0,0,1,1,0,0,1,0,0,1
"469","l31_8_top5_1212_16","2024-12-12","16:00","llama-3.1-8b",0,0,0,1,0,0,0,1,1,0,0,1,0,0,1
"470","l31_8_top5_1212_16","2024-12-12","16:00","llama-3.1-8b",0,0,0,1,0,0,0,1,1,0,0,1,0,0,1
"471","l31_8_top5_1213_00","2024-12-13","00:00","llama-3.1-8b",0,0,0,1,0,0,0,1,1,0,0,1,0,0,1
"472","l31_8_top5_1213_00","2024-12-13","00:00","llama-3.1-8b",0,0,0,1,0,0,0,1,1,0,0,1,0,0,1
"473","l31_8_top5_1213_00","2024-12-13","00:00","llama-3.1-8b",0,0,0,1,0,0,0,1,1,0,0,1,0,0,1
"474","l31_8_top5_1213_00","2024-12-13","00:00","llama-3.1-8b",0,0,0,1,0,0,0,1,1,0,0,1,0,0,1
"475","l31_8_top5_1213_00","2024-12-13","00:00","llama-3.1-8b",0,0,0,1,0,0,0,1,1,0,0,1,0,0,1
"476","l31_8_top5_1213_16","2024-12-13","16:00","llama-3.1-8b",0,0,0,1,0,0,0,1,1,0,0,1,0,0,1
"477","l31_8_top5_1213_16","2024-12-13","16:00","llama-3.1-8b",0,0,0,1,0,0,0,1,1,0,0,1,0,0,1
"478","l31_8_top5_1213_16","2024-12-13","16:00","llama-3.1-8b",0,0,0,1,0,0,0,1,1,0,0,1,0,0,1
"479","l31_8_top5_1213_16","2024-12-13","16:00","llama-3.1-8b",0,0,0,1,0,0,0,1,1,0,0,1,0,0,1
"480","l31_8_top5_1213_16","2024-12-13","16:00","llama-3.1-8b",0,0,0,1,0,0,0,1,1,0,0,1,0,0,1
"481","l31_8_top5_1214_00","2024-12-14","00:00","llama-3.1-8b",0,0,0,1,0,0,0,1,1,0,0,1,0,0,1
"482","l31_8_top5_1214_00","2024-12-14","00:00","llama-3.1-8b",0,0,0,1,0,0,0,1,1,0,0,1,0,0,1
"483","l31_8_top5_1214_00","2024-12-14","00:00","llama-3.1-8b",0,0,0,1,0,0,0,1,1,0,0,1,0,0,1
"484","l31_8_top5_1214_00","2024-12-14","00:00","llama-3.1-8b",0,0,0,1,0,0,0,1,1,0,0,1,0,0,1
"485","l31_8_top5_1214_00","2024-12-14","00:00","llama-3.1-8b",0,0,0,1,0,0,0,1,1,0,0,1,0,0,1
"486","l31_8_top5_1214_16","2024-12-14","16:00","llama-3.1-8b",0,0,0,1,0,0,0,1,1,0,0,1,0,0,1
"487","l31_8_top5_1214_16","2024-12-14","16:00","llama-3.1-8b",0,0,0,1,0,0,0,1,1,0,0,1,0,0,1
"488","l31_8_top5_1214_16","2024-12-14","16:00","llama-3.1-8b",0,0,0,1,0,0,0,1,1,0,0,1,0,0,1
"489","l31_8_top5_1214_16","2024-12-14","16:00","llama-3.1-8b",0,0,0,1,0,0,0,1,1,0,0,1,0,0,1
"490","l31_8_top5_1214_16","2024-12-14","16:00","llama-3.1-8b",0,0,0,1,0,0,0,1,1,0,0,1,0,0,1
"491","l31_8_top5_1215_00","2024-12-15","00:00","llama-3.1-8b",0,0,0,1,0,0,0,1,1,0,0,1,0,0,1
"492","l31_8_top5_1215_00","2024-12-15","00:00","llama-3.1-8b",0,0,0,1,0,0,0,1,1,0,0,1,0,0,1
"493","l31_8_top5_1215_00","2024-12-15","00:00","llama-3.1-8b",0,0,0,1,0,0,0,1,1,0,0,1,0,0,1
"494","l31_8_top5_1215_00","2024-12-15","00:00","llama-3.1-8b",0,0,0,1,0,0,0,1,1,0,0,1,0,0,1
"495","l31_8_top5_1215_00","2024-12-15","00:00","llama-3.1-8b",0,0,0,1,0,0,0,1,1,0,0,1,0,0,1
"496","mx_top5_1209_00","2024-12-09","00:00","mixtral-8x7b",0,0,0,1,0,0,0,1,0,0,0,1,1,0,1
"497","mx_top5_1209_00","2024-12-09","00:00","mixtral-8x7b",0,0,0,1,0,0,0,1,0,0,0,1,1,0,1
"498","mx_top5_1209_00","2024-12-09","00:00","mixtral-8x7b",0,0,0,1,0,0,0,1,0,0,0,1,1,0,1
"499","mx_top5_1209_00","2024-12-09","00:00","mixtral-8x7b",0,0,0,1,0,0,0,1,0,0,0,1,1,0,1
"500","mx_top5_1209_00","2024-12-09","00:00","mixtral-8x7b",0,0,0,1,0,0,0,1,0,0,0,1,1,0,1
"501","mx_top5_1209_08","2024-12-09","08:00","mixtral-8x7b",0,0,0,1,0,0,0,1,0,0,0,1,1,0,1
"502","mx_top5_1209_08","2024-12-09","08:00","mixtral-8x7b",0,0,0,1,0,0,0,1,0,0,0,1,1,0,1
"503","mx_top5_1209_08","2024-12-09","08:00","mixtral-8x7b",0,0,0,1,0,0,0,1,0,0,0,1,1,0,1
"504","mx_top5_1209_08","2024-12-09","08:00","mixtral-8x7b",0,0,0,1,0,0,0,1,0,0,0,1,1,0,1
"505","mx_top5_1209_08","2024-12-09","08:00","mixtral-8x7b",0,0,0,1,0,0,0,1,0,0,0,1,1,0,1
"506","mx_top5_1209_16","2024-12-09","16:00","mixtral-8x7b",0,0,0,1,0,0,0,1,0,0,0,1,1,0,1
"507","mx_top5_1209_16","2024-12-09","16:00","mixtral-8x7b",0,0,0,1,0,0,0,1,0,0,0,1,1,0,1
"508","mx_top5_1209_16","2024-12-09","16:00","mixtral-8x7b",0,0,0,1,0,0,0,1,0,0,0,1,1,0,1
"509","mx_top5_1209_16","2024-12-09","16:00","mixtral-8x7b",0,0,0,1,0,0,0,1,0,0,0,1,1,0,1
"510","mx_top5_1209_16","2024-12-09","16:00","mixtral-8x7b",0,0,0,1,0,0,0,1,0,0,0,1,1,0,1
"511","mx_top5_1210_00","2024-12-10","00:00","mixtral-8x7b",0,0,0,1,0,0,0,1,0,0,0,1,1,0,1
"512","mx_top5_1210_00","2024-12-10","00:00","mixtral-8x7b",0,0,0,1,0,0,0,1,0,0,0,1,1,0,1
"513","mx_top5_1210_00","2024-12-10","00:00","mixtral-8x7b",0,0,0,1,0,0,0,1,0,0,0,1,1,0,1
"514","mx_top5_1210_00","2024-12-10","00:00","mixtral-8x7b",0,0,0,1,0,0,0,1,0,0,0,1,1,0,1
"515","mx_top5_1210_00","2024-12-10","00:00","mixtral-8x7b",0,0,0,1,0,0,0,1,0,0,0,1,1,0,1
"516","mx_top5_1210_08","2024-12-10","08:00","mixtral-8x7b",0,0,0,1,0,0,0,1,0,0,0,1,1,0,1
"517","mx_top5_1210_08","2024-12-10","08:00","mixtral-8x7b",0,0,0,1,0,0,0,1,0,0,0,1,1,0,1
"518","mx_top5_1210_08","2024-12-10","08:00","mixtral-8x7b",0,0,0,1,0,0,0,1,0,0,0,1,1,0,1
"519","mx_top5_1210_08","2024-12-10","08:00","mixtral-8x7b",0,0,0,1,0,0,0,1,0,0,0,1,1,0,1
"520","mx_top5_1210_08","2024-12-10","08:00","mixtral-8x7b",0,0,0,1,0,0,0,1,0,0,0,1,1,0,1
"521","mx_top5_1210_16","2024-12-10","16:00","mixtral-8x7b",0,0,0,1,0,0,0,1,0,0,0,1,1,0,1
"522","mx_top5_1210_16","2024-12-10","16:00","mixtral-8x7b",0,0,0,1,0,0,0,1,0,0,0,1,1,0,1
"523","mx_top5_1210_16","2024-12-10","16:00","mixtral-8x7b",0,0,0,1,0,0,0,1,0,0,0,1,1,0,1
"524","mx_top5_1210_16","2024-12-10","16:00","mixtral-8x7b",0,0,0,1,0,0,0,1,0,0,0,1,1,0,1
"525","mx_top5_1210_16","2024-12-10","16:00","mixtral-8x7b",0,0,0,1,0,0,0,1,0,0,0,1,1,0,1
"526","mx_top5_1211_08","2024-12-11","08:00","mixtral-8x7b",0,0,0,1,0,0,0,1,0,0,0,1,1,0,1
"527","mx_top5_1211_08","2024-12-11","08:00","mixtral-8x7b",0,0,0,1,0,0,0,1,0,0,0,1,1,0,1
"528","mx_top5_1211_08","2024-12-11","08:00","mixtral-8x7b",0,0,0,1,0,0,0,1,0,0,0,1,1,0,1
"529","mx_top5_1211_08","2024-12-11","08:00","mixtral-8x7b",0,0,0,1,0,0,0,1,0,0,0,1,1,0,1
"530","mx_top5_1211_08","2024-12-11","08:00","mixtral-8x7b",0,0,0,1,0,0,0,1,0,0,0,1,1,0,1
"531","mx_top5_1211_16","2024-12-11","16:00","mixtral-8x7b",0,0,0,1,0,0,0,1,0,0,0,1,1,0,1
"532","mx_top5_1211_16","2024-12-11","16:00","mixtral-8x7b",0,0,0,1,0,0,0,1,0,0,0,1,1,0,1
"533","mx_top5_1211_16","2024-12-11","16:00","mixtral-8x7b",0,0,0,1,0,0,0,1,0,0,0,1,1,0,1
"534","mx_top5_1211_16","2024-12-11","16:00","mixtral-8x7b",0,0,0,1,0,0,0,1,0,0,0,1,1,0,1
"535","mx_top5_1211_16","2024-12-11","16:00","mixtral-8x7b",0,0,0,1,0,0,0,1,0,0,0,1,1,0,1
"536","mx_top5_1212_00","2024-12-12","00:00","mixtral-8x7b",0,0,0,1,0,0,0,1,0,0,0,1,1,0,1
"537","mx_top5_1212_00","2024-12-12","00:00","mixtral-8x7b",0,0,0,1,0,0,0,1,0,0,0,1,1,0,1
"538","mx_top5_1212_00","2024-12-12","00:00","mixtral-8x7b",0,0,0,1,0,0,0,1,0,0,0,1,1,0,1
"539","mx_top5_1212_00","2024-12-12","00:00","mixtral-8x7b",0,0,0,1,0,0,0,1,0,0,0,1,1,0,1
"540","mx_top5_1212_00","2024-12-12","00:00","mixtral-8x7b",0,0,0,1,0,0,0,1,0,0,0,1,1,0,1
"541","mx_top5_1212_08","2024-12-12","08:00","mixtral-8x7b",0,0,0,1,0,0,0,1,0,0,0,1,1,0,1
"542","mx_top5_1212_08","2024-12-12","08:00","mixtral-8x7b",0,0,0,1,0,0,0,1,0,0,0,1,1,0,1
"543","mx_top5_1212_08","2024-12-12","08:00","mixtral-8x7b",0,0,0,1,0,0,0,1,0,0,0,1,1,0,1
"544","mx_top5_1212_08","2024-12-12","08:00","mixtral-8x7b",0,0,0,1,0,0,0,1,0,0,0,1,1,0,1
"545","mx_top5_1212_08","2024-12-12","08:00","mixtral-8x7b",0,0,0,1,0,0,0,1,0,0,0,1,1,0,1
"546","mx_top5_1212_16","2024-12-12","16:00","mixtral-8x7b",0,0,0,1,0,0,0,1,0,0,0,1,1,0,1
"547","mx_top5_1212_16","2024-12-12","16:00","mixtral-8x7b",0,0,0,1,0,0,0,1,0,0,0,1,1,0,1
"548","mx_top5_1212_16","2024-12-12","16:00","mixtral-8x7b",0,0,0,1,0,0,0,1,0,0,0,1,1,0,1
"549","mx_top5_1212_16","2024-12-12","16:00","mixtral-8x7b",0,0,0,1,0,0,0,1,0,0,0,1,1,0,1
"550","mx_top5_1212_16","2024-12-12","16:00","mixtral-8x7b",0,0,0,1,0,0,0,1,0,0,0,1,1,0,1
"551","mx_top5_1213_00","2024-12-13","00:00","mixtral-8x7b",0,0,0,1,0,0,0,1,0,0,0,1,1,0,1
"552","mx_top5_1213_00","2024-12-13","00:00","mixtral-8x7b",0,0,0,1,0,0,0,1,0,0,0,1,1,0,1
"553","mx_top5_1213_00","2024-12-13","00:00","mixtral-8x7b",0,0,0,1,0,0,0,1,0,0,0,1,1,0,1
"554","mx_top5_1213_00","2024-12-13","00:00","mixtral-8x7b",0,0,0,1,0,0,0,1,0,0,0,1,1,0,1
"555","mx_top5_1213_00","2024-12-13","00:00","mixtral-8x7b",0,0,0,1,0,0,0,1,0,0,0,1,1,0,1
"556","mx_top5_1213_08","2024-12-13","08:00","mixtral-8x7b",0,0,0,1,0,0,0,1,0,0,0,1,1,0,1
"557","mx_top5_1213_08","2024-12-13","08:00","mixtral-8x7b",0,0,0,1,0,0,0,1,0,0,0,1,1,0,1
"558","mx_top5_1213_08","2024-12-13","08:00","mixtral-8x7b",0,0,0,1,0,0,0,1,0,0,0,1,1,0,1
"559","mx_top5_1213_08","2024-12-13","08:00","mixtral-8x7b",0,0,0,1,0,0,0,1,0,0,0,1,1,0,1
"560","mx_top5_1213_08","2024-12-13","08:00","mixtral-8x7b",0,0,0,1,0,0,0,1,0,0,0,1,1,0,1
"561","mx_top5_1213_16","2024-12-13","16:00","mixtral-8x7b",0,0,0,1,0,0,0,1,0,0,0,1,1,0,1
"562","mx_top5_1213_16","2024-12-13","16:00","mixtral-8x7b",0,0,0,1,0,0,0,1,0,0,0,1,1,0,1
"563","mx_top5_1213_16","2024-12-13","16:00","mixtral-8x7b",0,0,0,1,0,0,0,1,0,0,0,1,1,0,1
"564","mx_top5_1213_16","2024-12-13","16:00","mixtral-8x7b",0,0,0,1,0,0,0,1,0,0,0,1,1,0,1
"565","mx_top5_1213_16","2024-12-13","16:00","mixtral-8x7b",0,0,0,1,0,0,0,1,0,0,0,1,1,0,1
"566","mx_top5_1214_00","2024-12-14","00:00","mixtral-8x7b",0,0,0,1,0,0,0,1,0,0,0,1,1,0,1
"567","mx_top5_1214_00","2024-12-14","00:00","mixtral-8x7b",0,0,0,1,0,0,0,1,0,0,0,1,1,0,1
"568","mx_top5_1214_00","2024-12-14","00:00","mixtral-8x7b",0,0,0,1,0,0,0,1,0,0,0,1,1,0,1
"569","mx_top5_1214_00","2024-12-14","00:00","mixtral-8x7b",0,0,0,1,0,0,0,1,0,0,0,1,1,0,1
"570","mx_top5_1214_00","2024-12-14","00:00","mixtral-8x7b",0,0,0,1,0,0,0,1,0,0,0,1,1,0,1
"571","mx_top5_1214_08","2024-12-14","08:00","mixtral-8x7b",0,0,0,1,0,0,0,1,0,0,0,1,1,0,1
"572","mx_top5_1214_08","2024-12-14","08:00","mixtral-8x7b",0,0,0,1,0,0,0,1,0,0,0,1,1,0,1
"573","mx_top5_1214_08","2024-12-14","08:00","mixtral-8x7b",0,0,0,1,0,0,0,1,0,0,0,1,1,0,1
"574","mx_top5_1214_08","2024-12-14","08:00","mixtral-8x7b",0,0,0,1,0,0,0,1,0,0,0,1,1,0,1
"575","mx_top5_1214_08","2024-12-14","08:00","mixtral-8x7b",0,0,0,1,0,0,0,1,0,0,0,1,1,0,1
"576","mx_top5_1214_16","2024-12-14","16:00","mixtral-8x7b",0,0,0,1,0,0,0,1,0,0,0,1,1,0,1
"577","mx_top5_1214_16","2024-12-14","16:00","mixtral-8x7b",0,0,0,1,0,0,0,1,0,0,0,1,1,0,1
"578","mx_top5_1214_16","2024-12-14","16:00","mixtral-8x7b",0,0,0,1,0,0,0,1,0,0,0,1,1,0,1
"579","mx_top5_1214_16","2024-12-14","16:00","mixtral-8x7b",0,0,0,1,0,0,0,1,0,0,0,1,1,0,1
"580","mx_top5_1214_16","2024-12-14","16:00","mixtral-8x7b",0,0,0,1,0,0,0,1,0,0,0,1,1,0,1
"581","mx_top5_1215_00","2024-12-15","00:00","mixtral-8x7b",0,0,0,1,0,0,0,1,0,0,0,1,1,0,1
"582","mx_top5_1215_00","2024-12-15","00:00","mixtral-8x7b",0,0,0,1,0,0,0,1,0,0,0,1,1,0,1
"583","mx_top5_1215_00","2024-12-15","00:00","mixtral-8x7b",0,0,0,1,0,0,0,1,0,0,0,1,1,0,1
"584","mx_top5_1215_00","2024-12-15","00:00","mixtral-8x7b",0,0,0,1,0,0,0,1,0,0,0,1,1,0,1
"585","mx_top5_1215_00","2024-12-15","00:00","mixtral-8x7b",0,0,0,1,0,0,0,1,0,0,0,1,1,0,1
"586","mx_top5_1215_08","2024-12-15","08:00","mixtral-8x7b",0,0,0,1,0,0,0,1,0,0,0,1,1,0,1
"587","mx_top5_1215_08","2024-12-15","08:00","mixtral-8x7b",0,0,0,1,0,0,0,1,0,0,0,1,1,0,1
"588","mx_top5_1215_08","2024-12-15","08:00","mixtral-8x7b",0,0,0,1,0,0,0,1,0,0,0,1,1,0,1
"589","mx_top5_1215_08","2024-12-15","08:00","mixtral-8x7b",0,0,0,1,0,0,0,1,0,0,0,1,1,0,1
"590","mx_top5_1215_08","2024-12-15","08:00","mixtral-8x7b",0,0,0,1,0,0,0,1,0,0,0,1,1,0,1
"591","mx_top5_1215_16","2024-12-15","16:00","mixtral-8x7b",0,0,0,1,0,0,0,1,0,0,0,1,1,0,1
"592","mx_top5_1215_16","2024-12-15","16:00","mixtral-8x7b",0,0,0,1,0,0,0,1,0,0,0,1,1,0,1
"593","mx_top5_1215_16","2024-12-15","16:00","mixtral-8x7b",0,0,0,1,0,0,0,1,0,0,0,1,1,0,1
"594","mx_top5_1215_16","2024-12-15","16:00","mixtral-8x7b",0,0,0,1,0,0,0,1,0,0,0,1,1,0,1
"595","mx_top5_1215_16","2024-12-15","16:00","mixtral-8x7b",0,0,0,1,0,0,0,1,0,0,0,1,1,0,1
